-1.9700E-05,1.1495071530E-01
-1.9680E-05,1.7168626904E-01
-1.9660E-05,2.2639911771E-01
-1.9640E-05,2.9090256810E-01
-1.9620E-05,3.5542494893E-01
-1.9600E-05,4.0384404302E-01
-1.9580E-05,4.6213948369E-01
-1.9560E-05,5.2933331609E-01
-1.9540E-05,5.9170021176E-01
-1.9520E-05,6.2471694112E-01
-1.9500E-05,6.5826210141E-01
-1.9480E-05,6.6988234639E-01
-1.9460E-05,6.7875624776E-01
-1.9440E-05,6.9784669995E-01
-1.9420E-05,7.1002878308E-01
-1.9400E-05,7.1002939343E-01
-1.9380E-05,7.1003920674E-01
-1.9360E-05,7.1003920674E-01
-1.9340E-05,7.1003920674E-01
-1.9320E-05,7.1255410314E-01
-1.9300E-05,7.2512774587E-01
-1.9280E-05,7.1917080045E-01
-1.9260E-05,7.2136287808E-01
-1.9240E-05,7.3971748471E-01
-1.9220E-05,7.4808793187E-01
-1.9200E-05,7.4914203763E-01
-1.9180E-05,7.5001945615E-01
-1.9160E-05,7.5005636334E-01
-1.9140E-05,7.5018626332E-01
-1.9120E-05,7.5019606709E-01
-1.9100E-05,7.5017645955E-01
-1.9080E-05,7.5019606709E-01
-1.9060E-05,7.5019606709E-01
-1.9040E-05,7.5019606709E-01
-1.9020E-05,7.5019607663E-01
-1.9000E-05,7.5019607663E-01
-1.8980E-05,7.5019607663E-01
-1.8960E-05,7.5019729733E-01
-1.8940E-05,7.5020588040E-01
-1.8920E-05,7.5145097852E-01
-1.8900E-05,7.5019607663E-01
-1.8880E-05,7.5019607663E-01
-1.8860E-05,7.5019607663E-01
-1.8840E-05,7.5019868016E-01
-1.8820E-05,7.5145342946E-01
-1.8800E-05,7.5145219922E-01
-1.8780E-05,7.5019732594E-01
-1.8760E-05,7.5145358205E-01
-1.8740E-05,7.5019729733E-01
-1.8720E-05,7.6087146878E-01
-1.8700E-05,7.6087085843E-01
-1.8680E-05,7.5145641446E-01
-1.8660E-05,7.5780447125E-01
-1.8640E-05,7.5664169431E-01
-1.8620E-05,7.6009314656E-01
-1.8600E-05,7.5820830464E-01
-1.8580E-05,7.5276303411E-01
-1.8560E-05,7.5581200719E-01
-1.8540E-05,7.7216708302E-01
-1.8520E-05,7.8060870290E-01
-1.8500E-05,7.7740837216E-01
-1.8480E-05,7.7899893880E-01
-1.8460E-05,7.6347840428E-01
-1.8440E-05,7.7612619519E-01
-1.8420E-05,7.7979375958E-01
-1.8400E-05,7.7374366879E-01
-1.8380E-05,7.8857832074E-01
-1.8360E-05,7.8461512685E-01
-1.8340E-05,7.6960499883E-01
-1.8320E-05,7.7398025632E-01
-1.8300E-05,7.8263720632E-01
-1.8280E-05,7.8880356908E-01
-1.8260E-05,7.9033328176E-01
-1.8240E-05,7.9003915906E-01
-1.8220E-05,7.8721561551E-01
-1.8200E-05,7.9034310460E-01
-1.8180E-05,7.9034188390E-01
-1.8160E-05,7.8494054914E-01
-1.8140E-05,7.9003920674E-01
-1.8120E-05,7.9034312367E-01
-1.8100E-05,7.9027204633E-01
-1.8080E-05,7.9027449727E-01
-1.8060E-05,7.9019606709E-01
-1.8040E-05,7.9031371236E-01
-1.8020E-05,7.9035170674E-01
-1.8000E-05,7.9035292745E-01
-1.7980E-05,7.9035292745E-01
-1.7960E-05,7.9035292745E-01
-1.7940E-05,7.9035292745E-01
-1.7920E-05,7.9035292745E-01
-1.7900E-05,7.9035285115E-01
-1.7880E-05,7.9035292745E-01
-1.7860E-05,7.9035292745E-01
-1.7840E-05,7.9035292745E-01
-1.7820E-05,7.9035292745E-01
-1.7800E-05,7.9035292745E-01
-1.7780E-05,7.9035292745E-01
-1.7760E-05,7.9035293698E-01
-1.7740E-05,7.9035292745E-01
-1.7720E-05,7.9035293698E-01
-1.7700E-05,7.9035293698E-01
-1.7680E-05,7.9033331990E-01
-1.7660E-05,7.9033331990E-01
-1.7640E-05,7.9035293698E-01
-1.7620E-05,7.9035293698E-01
-1.7600E-05,7.9035292745E-01
-1.7580E-05,7.9035293698E-01
-1.7560E-05,7.9035293698E-01
-1.7540E-05,7.9035293698E-01
-1.7520E-05,7.9035293698E-01
-1.7500E-05,7.9035293698E-01
-1.7480E-05,7.9035293698E-01
-1.7460E-05,7.9035293698E-01
-1.7440E-05,7.9035293698E-01
-1.7420E-05,7.9035295606E-01
-1.7400E-05,7.9035293698E-01
-1.7380E-05,7.9035294652E-01
-1.7360E-05,7.9066665769E-01
-1.7340E-05,7.9035293698E-01
-1.7320E-05,7.9035293698E-01
-1.7300E-05,7.9035293698E-01
-1.7280E-05,8.0039215207E-01
-1.7260E-05,7.9035293698E-01
-1.7240E-05,7.9035293698E-01
-1.7220E-05,7.9035293698E-01
-1.7200E-05,7.9035301328E-01
-1.7180E-05,7.9047058225E-01
-1.7160E-05,7.9035293698E-01
-1.7140E-05,7.9035316586E-01
-1.7120E-05,7.9035308957E-01
-1.7100E-05,7.9066665769E-01
-1.7080E-05,7.9047303319E-01
-1.7060E-05,7.9050979733E-01
-1.7040E-05,7.9035577893E-01
-1.7020E-05,7.9044133306E-01
-1.7000E-05,7.9035302281E-01
-1.6980E-05,7.9035814404E-01
-1.6960E-05,7.9043167233E-01
-1.6940E-05,8.0047074437E-01
-1.6920E-05,7.9075499654E-01
-1.6900E-05,7.9070587277E-01
-1.6880E-05,8.0057842374E-01
-1.6860E-05,7.9051224828E-01
-1.6840E-05,7.9066704869E-01
-1.6820E-05,8.0604058385E-01
-1.6800E-05,7.9037516713E-01
-1.6780E-05,8.0043152928E-01
-1.6760E-05,8.0546262860E-01
-1.6740E-05,7.9564958692E-01
-1.6720E-05,8.0721863866E-01
-1.6700E-05,8.0794693112E-01
-1.6680E-05,8.0051067472E-01
-1.6660E-05,7.9604526639E-01
-1.6640E-05,7.9288280606E-01
-1.6620E-05,7.9577400327E-01
-1.6600E-05,7.9686508298E-01
-1.6580E-05,8.0803601384E-01
-1.6560E-05,8.0051126599E-01
-1.6540E-05,8.0082154393E-01
-1.6520E-05,8.1084937215E-01
-1.6500E-05,7.9637546659E-01
-1.6480E-05,7.9843793035E-01
-1.6460E-05,7.9874759793E-01
-1.6440E-05,7.9357204556E-01
-1.6420E-05,8.0069080472E-01
-1.6400E-05,8.0272641301E-01
-1.6380E-05,8.0202267766E-01
-1.6360E-05,8.0291551709E-01
-1.6340E-05,8.0762587667E-01
-1.6320E-05,8.0414526105E-01
-1.6300E-05,7.9798675656E-01
-1.6280E-05,8.0226425290E-01
-1.6260E-05,8.0084890485E-01
-1.6240E-05,8.0821475148E-01
-1.6220E-05,8.0351591229E-01
-1.6200E-05,8.0927189946E-01
-1.6180E-05,8.0506371617E-01
-1.6160E-05,8.0862980962E-01
-1.6140E-05,8.0256920934E-01
-1.6120E-05,8.0494022489E-01
-1.6100E-05,8.0644632459E-01
-1.6080E-05,8.0586193204E-01
-1.6060E-05,8.1020588994E-01
-1.6040E-05,8.0735965848E-01
-1.6020E-05,8.0703675389E-01
-1.6000E-05,7.9209775090E-01
-1.5980E-05,8.1731365323E-01
-1.5960E-05,8.1526469350E-01
-1.5940E-05,7.9946310163E-01
-1.5920E-05,8.0490363240E-01
-1.5900E-05,8.0351950765E-01
-1.5880E-05,8.0297310948E-01
-1.5860E-05,8.1384133458E-01
-1.5840E-05,8.0321203351E-01
-1.5820E-05,8.1240521550E-01
-1.5800E-05,8.0588426709E-01
-1.5780E-05,7.9773528218E-01
-1.5760E-05,8.0637159467E-01
-1.5740E-05,8.1493755460E-01
-1.5720E-05,8.1002823949E-01
-1.5700E-05,8.0980473638E-01
-1.5680E-05,8.0385423779E-01
-1.5660E-05,8.1094543576E-01
-1.5640E-05,8.1609367490E-01
-1.5620E-05,8.1473200917E-01
-1.5600E-05,8.1076869130E-01
-1.5580E-05,8.0607348561E-01
-1.5560E-05,8.0862627149E-01
-1.5540E-05,8.0847239614E-01
-1.5520E-05,8.0945592046E-01
-1.5500E-05,8.0445311666E-01
-1.5480E-05,8.0620587468E-01
-1.5460E-05,8.1115441442E-01
-1.5440E-05,8.0639233708E-01
-1.5420E-05,8.1794853330E-01
-1.5400E-05,8.2196328282E-01
-1.5380E-05,8.0187740445E-01
-1.5360E-05,8.1082564473E-01
-1.5340E-05,8.1127229810E-01
-1.5320E-05,8.1262530446E-01
-1.5300E-05,8.1425633550E-01
-1.5280E-05,8.0916895032E-01
-1.5260E-05,8.1024381757E-01
-1.5240E-05,8.1576225400E-01
-1.5220E-05,8.1210584760E-01
-1.5200E-05,8.0855647206E-01
-1.5180E-05,8.0417665601E-01
-1.5160E-05,8.1127727628E-01
-1.5140E-05,8.1616421819E-01
-1.5120E-05,8.0353155255E-01
-1.5100E-05,8.1228442311E-01
-1.5080E-05,8.2009772420E-01
-1.5060E-05,8.1654901624E-01
-1.5040E-05,8.0876095891E-01
-1.5020E-05,8.0313488126E-01
-1.5000E-05,7.9819670796E-01
-1.4980E-05,8.0731921315E-01
-1.4960E-05,8.0682112813E-01
-1.4940E-05,8.1419612050E-01
-1.4920E-05,8.0913474202E-01
-1.4900E-05,8.1336287618E-01
-1.4880E-05,7.9955418706E-01
-1.4860E-05,8.0525505185E-01
-1.4840E-05,8.1247440457E-01
-1.4820E-05,8.1262251019E-01
-1.4800E-05,8.1009186864E-01
-1.4780E-05,8.1065690160E-01
-1.4760E-05,8.1135869145E-01
-1.4740E-05,8.0636997342E-01
-1.4720E-05,8.0219730496E-01
-1.4700E-05,8.0471361279E-01
-1.4680E-05,8.0027399182E-01
-1.4660E-05,7.9615325093E-01
-1.4640E-05,8.1409563184E-01
-1.4620E-05,8.1221383214E-01
-1.4600E-05,8.1147057652E-01
-1.4580E-05,8.1067649961E-01
-1.4560E-05,8.0266888738E-01
-1.4540E-05,8.1136654973E-01
-1.4520E-05,8.2766665578E-01
-1.4500E-05,8.2842837453E-01
-1.4480E-05,8.1368692517E-01
-1.4460E-05,8.1176653028E-01
-1.4440E-05,8.1276898503E-01
-1.4420E-05,8.1004242063E-01
-1.4400E-05,8.0878188252E-01
-1.4380E-05,7.9662529111E-01
-1.4360E-05,8.0975319982E-01
-1.4340E-05,8.0517200589E-01
-1.4320E-05,8.0697991490E-01
-1.4300E-05,8.0674047589E-01
-1.4280E-05,8.0692124486E-01
-1.4260E-05,8.1302939534E-01
-1.4240E-05,7.9786255002E-01
-1.4220E-05,8.0050809026E-01
-1.4200E-05,8.2073611379E-01
-1.4180E-05,8.0019306302E-01
-1.4160E-05,7.9800597310E-01
-1.4140E-05,7.9392012715E-01
-1.4120E-05,8.1442752957E-01
-1.4100E-05,8.0835120320E-01
-1.4080E-05,8.0771594167E-01
-1.4060E-05,8.0929181218E-01
-1.4040E-05,8.0231931806E-01
-1.4020E-05,8.0759151578E-01
-1.4000E-05,8.0242622495E-01
-1.3980E-05,8.0143447995E-01
-1.3960E-05,7.9735597730E-01
-1.3940E-05,8.0763033986E-01
-1.3920E-05,7.9429915547E-01
-1.3900E-05,7.9416473508E-01
-1.3880E-05,7.9310098767E-01
-1.3860E-05,7.9543257833E-01
-1.3840E-05,7.9729728818E-01
-1.3820E-05,7.9610060811E-01
-1.3800E-05,8.0105280995E-01
-1.3780E-05,8.0113391042E-01
-1.3760E-05,8.0353536725E-01
-1.3740E-05,8.0729732633E-01
-1.3720E-05,7.9504264951E-01
-1.3700E-05,7.9673109174E-01
-1.3680E-05,7.9109839559E-01
-1.3660E-05,7.9422337651E-01
-1.3640E-05,7.9437254071E-01
-1.3620E-05,8.0073830724E-01
-1.3600E-05,8.0080651402E-01
-1.3580E-05,8.0166673779E-01
-1.3560E-05,8.0564952970E-01
-1.3540E-05,8.0188245893E-01
-1.3520E-05,8.0047550321E-01
-1.3500E-05,8.0541424870E-01
-1.3480E-05,8.0164705396E-01
-1.3460E-05,7.9538601995E-01
-1.3440E-05,7.9160787702E-01
-1.3420E-05,7.9549018979E-01
-1.3400E-05,7.9035295606E-01
-1.3380E-05,7.9286403775E-01
-1.3360E-05,7.9043140531E-01
-1.3340E-05,7.9047701001E-01
-1.3320E-05,7.9043634534E-01
-1.3300E-05,7.9037254453E-01
-1.3280E-05,7.9098283887E-01
-1.3260E-05,7.9035539746E-01
-1.3240E-05,7.9035783887E-01
-1.3220E-05,7.9098038793E-01
-1.3200E-05,7.9537254453E-01
-1.3180E-05,7.9035415769E-01
-1.3160E-05,7.9537748456E-01
-1.3140E-05,7.9537746549E-01
-1.3120E-05,7.9043258786E-01
-1.3100E-05,7.9035308957E-01
-1.3080E-05,7.9043136716E-01
-1.3060E-05,7.9035293698E-01
-1.3040E-05,7.9035294652E-01
-1.3020E-05,7.9035293698E-01
-1.3000E-05,7.9035293698E-01
-1.2980E-05,7.9286641240E-01
-1.2960E-05,7.9035293698E-01
-1.2940E-05,7.8784313321E-01
-1.2920E-05,7.9035293698E-01
-1.2900E-05,7.9035538793E-01
-1.2880E-05,7.9035293698E-01
-1.2860E-05,7.9035292745E-01
-1.2840E-05,7.9035293698E-01
-1.2820E-05,7.9035293698E-01
-1.2800E-05,7.9035293698E-01
-1.2780E-05,7.9035293698E-01
-1.2760E-05,7.9035293698E-01
-1.2740E-05,7.9035293698E-01
-1.2720E-05,7.9035293698E-01
-1.2700E-05,7.9035293698E-01
-1.2680E-05,7.9035292745E-01
-1.2660E-05,7.9035292745E-01
-1.2640E-05,7.9035293698E-01
-1.2620E-05,7.9035293698E-01
-1.2600E-05,7.9035292745E-01
-1.2580E-05,7.9035293698E-01
-1.2560E-05,7.9035292745E-01
-1.2540E-05,7.9035292745E-01
-1.2520E-05,7.9019606709E-01
-1.2500E-05,7.9035293698E-01
-1.2480E-05,7.9035292745E-01
-1.2460E-05,7.9035292745E-01
-1.2440E-05,7.9035291791E-01
-1.2420E-05,7.9035292745E-01
-1.2400E-05,7.9035292745E-01
-1.2380E-05,7.9035292745E-01
-1.2360E-05,7.9035292745E-01
-1.2340E-05,7.9035262227E-01
-1.2320E-05,7.8533331990E-01
-1.2300E-05,7.9035292745E-01
-1.2280E-05,7.9035292745E-01
-1.2260E-05,7.9034802556E-01
-1.2240E-05,7.8784312367E-01
-1.2220E-05,7.9035292745E-01
-1.2200E-05,7.9035047650E-01
-1.2180E-05,7.9019606709E-01
-1.2160E-05,7.9027449727E-01
-1.2140E-05,7.9026469350E-01
-1.2120E-05,7.8782351613E-01
-1.2100E-05,7.8007283330E-01
-1.2080E-05,7.9034726262E-01
-1.2060E-05,7.8023428082E-01
-1.2040E-05,7.7885277867E-01
-1.2020E-05,7.7889122128E-01
-1.2000E-05,7.7025922894E-01
-1.1980E-05,7.8003916860E-01
-1.1960E-05,7.8020686269E-01
-1.1940E-05,7.7997053266E-01
-1.1920E-05,7.6974437833E-01
-1.1900E-05,7.6501936078E-01
-1.1880E-05,7.6992629170E-01
-1.1860E-05,7.6508783460E-01
-1.1840E-05,7.6466820836E-01
-1.1820E-05,7.7274934888E-01
-1.1800E-05,7.6462575078E-01
-1.1780E-05,7.6011627316E-01
-1.1760E-05,7.8527630925E-01
-1.1740E-05,7.6037105680E-01
-1.1720E-05,7.6400076032E-01
-1.1700E-05,7.6334910512E-01
-1.1680E-05,7.7378835797E-01
-1.1660E-05,7.6608365178E-01
-1.1640E-05,7.6560692906E-01
-1.1620E-05,7.5964239240E-01
-1.1600E-05,7.6574607968E-01
-1.1580E-05,7.5346865773E-01
-1.1560E-05,7.5601003766E-01
-1.1540E-05,7.6259927869E-01
-1.1520E-05,7.6683397412E-01
-1.1500E-05,7.6023529172E-01
-1.1480E-05,7.6072548985E-01
-1.1460E-05,7.5023592114E-01
-1.1440E-05,7.5022077680E-01
-1.1420E-05,7.5145101666E-01
-1.1400E-05,7.5082413793E-01
-1.1380E-05,7.5019607663E-01
-1.1360E-05,7.5162269711E-01
-1.1340E-05,7.5145098805E-01
-1.1320E-05,7.5019608617E-01
-1.1300E-05,7.5019607663E-01
-1.1280E-05,7.5521568418E-01
-1.1260E-05,7.5023529172E-01
-1.1240E-05,7.5019607663E-01
-1.1220E-05,7.5019607663E-01
-1.1200E-05,7.5019607663E-01
-1.1180E-05,7.5019607663E-01
-1.1160E-05,7.5082352757E-01
-1.1140E-05,7.5019607663E-01
-1.1120E-05,7.5019607663E-01
-1.1100E-05,7.5019607663E-01
-1.1080E-05,7.5019607663E-01
-1.1060E-05,7.5019608617E-01
-1.1040E-05,7.5019607663E-01
-1.1020E-05,7.5019591451E-01
-1.1000E-05,7.5019607663E-01
-1.0980E-05,7.5019606709E-01
-1.0960E-05,7.5019599080E-01
-1.0940E-05,7.5019606709E-01
-1.0920E-05,7.5019606709E-01
-1.0900E-05,7.5017645955E-01
-1.0880E-05,7.4768626332E-01
-1.0860E-05,7.4760783315E-01
-1.0840E-05,7.5015195012E-01
-1.0820E-05,7.4266543508E-01
-1.0800E-05,7.4517638326E-01
-1.0780E-05,7.3258792043E-01
-1.0760E-05,7.2252932668E-01
-1.0740E-05,7.3887215734E-01
-1.0720E-05,7.3701806188E-01
-1.0700E-05,7.2758634686E-01
-1.0680E-05,7.3479234815E-01
-1.0660E-05,7.3743755460E-01
-1.0640E-05,7.3600726247E-01
-1.0620E-05,7.2779377103E-01
-1.0600E-05,7.3863585591E-01
-1.0580E-05,7.2157622457E-01
-1.0560E-05,7.2900388837E-01
-1.0540E-05,7.1628704190E-01
-1.0520E-05,7.1079902768E-01
-1.0500E-05,7.1005642056E-01
-1.0480E-05,7.1036279798E-01
-1.0460E-05,7.1756922841E-01
-1.0440E-05,7.1003920674E-01
-1.0420E-05,7.1003920674E-01
-1.0400E-05,7.1003920674E-01
-1.0380E-05,7.1003920674E-01
-1.0360E-05,7.1003920674E-01
-1.0340E-05,7.1003920674E-01
-1.0320E-05,7.1003920674E-01
-1.0300E-05,6.9999998212E-01
-1.0280E-05,7.0996046185E-01
-1.0260E-05,7.1003889203E-01
-1.0240E-05,7.0752908826E-01
-1.0220E-05,6.9748994946E-01
-1.0200E-05,6.9995831609E-01
-1.0180E-05,6.8114574552E-01
-1.0160E-05,6.8755846143E-01
-1.0140E-05,6.7148387074E-01
-1.0120E-05,6.7603992581E-01
-1.0100E-05,6.7082420468E-01
-1.0080E-05,6.6989215016E-01
-1.0060E-05,6.6988234639E-01
-1.0040E-05,6.6988233685E-01
-1.0020E-05,6.6988233685E-01
-1.0000E-05,6.5144698262E-01
-9.9800E-06,6.3130716443E-01
-9.9600E-06,6.2972793698E-01
-9.9400E-06,6.0636945844E-01
-9.9200E-06,5.9647334218E-01
-9.9000E-06,5.4562930226E-01
-9.8800E-06,4.9076243520E-01
-9.8600E-06,4.3644576192E-01
-9.8400E-06,3.5611978650E-01
-9.8200E-06,2.9092558980E-01
-9.8000E-06,2.1485687375E-01
-9.7800E-06,1.6288234830E-01
-9.7600E-06,9.1435366869E-02
-9.7400E-06,1.4602214098E-02
-9.7200E-06,-4.5431689024E-02
-9.7000E-06,-1.0969277263E-01
-9.6800E-06,-1.7468659282E-01
-9.6600E-06,-2.4046504855E-01
-9.6400E-06,-3.0698349833E-01
-9.6200E-06,-3.5288096309E-01
-9.6000E-06,-4.3009223819E-01
-9.5800E-06,-4.7833985209E-01
-9.5600E-06,-5.4797455668E-01
-9.5400E-06,-6.1390995860E-01
-9.5200E-06,-6.7158533931E-01
-9.5000E-06,-7.4835851550E-01
-9.4800E-06,-8.0086276889E-01
-9.4600E-06,-8.7299172282E-01
-9.4400E-06,-9.2417711139E-01
-9.4200E-06,-9.9087648273E-01
-9.4000E-06,-1.0695346820E+00
-9.3800E-06,-1.1145764434E+00
-9.3600E-06,-1.1924761569E+00
-9.3400E-06,-1.2501375282E+00
-9.3200E-06,-1.3088807666E+00
-9.3000E-06,-1.3731032741E+00
-9.2800E-06,-1.4355781257E+00
-9.2600E-06,-1.4987653530E+00
-9.2400E-06,-1.5556621826E+00
-9.2200E-06,-1.6153407180E+00
-9.2000E-06,-1.6770721424E+00
-9.1800E-06,-1.7395689666E+00
-9.1600E-06,-1.7964466178E+00
-9.1400E-06,-1.8625877464E+00
-9.1200E-06,-1.9178786743E+00
-9.1000E-06,-1.9704562175E+00
-9.0800E-06,-2.0362925804E+00
-9.0600E-06,-2.0833817375E+00
-9.0400E-06,-2.1513828170E+00
-9.0200E-06,-2.2000666225E+00
-9.0000E-06,-2.2516081607E+00
-8.9800E-06,-2.3154640186E+00
-8.9600E-06,-2.3607242763E+00
-8.9400E-06,-2.4173532665E+00
-8.9200E-06,-2.4553805530E+00
-8.9000E-06,-2.5039105785E+00
-8.8800E-06,-2.5467653263E+00
-8.8600E-06,-2.6006474769E+00
-8.8400E-06,-2.6461257255E+00
-8.8200E-06,-2.6687921321E+00
-8.8000E-06,-2.7185398948E+00
-8.7800E-06,-2.7587646377E+00
-8.7600E-06,-2.7848630798E+00
-8.7400E-06,-2.8288042438E+00
-8.7200E-06,-2.8626646793E+00
-8.7000E-06,-2.9024981296E+00
-8.6800E-06,-2.9406039512E+00
-8.6600E-06,-2.9634319007E+00
-8.6400E-06,-2.9843912685E+00
-8.6200E-06,-3.0232138050E+00
-8.6000E-06,-3.0459589469E+00
-8.5800E-06,-3.0697451007E+00
-8.5600E-06,-3.1004453838E+00
-8.5400E-06,-3.1109909236E+00
-8.5200E-06,-3.1446666801E+00
-8.5000E-06,-3.1808303726E+00
-8.4800E-06,-3.1851770961E+00
-8.4600E-06,-3.2042515361E+00
-8.4400E-06,-3.2253333461E+00
-8.4200E-06,-3.2506519496E+00
-8.4000E-06,-3.2654902256E+00
-8.3800E-06,-3.2913688171E+00
-8.3600E-06,-3.3056470668E+00
-8.3400E-06,-3.3210206592E+00
-8.3200E-06,-3.3407745159E+00
-8.3000E-06,-3.3458039367E+00
-8.2800E-06,-3.3704805076E+00
-8.2600E-06,-3.3859595668E+00
-8.2400E-06,-3.3859615982E+00
-8.2200E-06,-3.4105880630E+00
-8.2000E-06,-3.4261176574E+00
-8.1800E-06,-3.4346094501E+00
-8.1600E-06,-3.4637622631E+00
-8.1400E-06,-3.4662745273E+00
-8.1200E-06,-3.4866483772E+00
-8.1000E-06,-3.5058037746E+00
-8.0800E-06,-3.5064705932E+00
-8.0600E-06,-3.5144509971E+00
-8.0400E-06,-3.5337061012E+00
-8.0200E-06,-3.5465882385E+00
-8.0000E-06,-3.5490980518E+00
-7.9800E-06,-3.5622798240E+00
-7.9600E-06,-3.5866657627E+00
-7.9400E-06,-3.5867450988E+00
-7.9200E-06,-3.5967843997E+00
-7.9000E-06,-3.6091236770E+00
-7.8800E-06,-3.6225073040E+00
-7.8600E-06,-3.6269019687E+00
-7.8400E-06,-3.6270588386E+00
-7.8200E-06,-3.6368353546E+00
-7.8000E-06,-3.6528026187E+00
-7.7800E-06,-3.6670563781E+00
-7.7600E-06,-3.6670588386E+00
-7.7400E-06,-3.6670591629E+00
-7.7200E-06,-3.6905349147E+00
-7.7000E-06,-3.7046896636E+00
-7.6800E-06,-3.7072144687E+00
-7.6600E-06,-3.7122353065E+00
-7.6400E-06,-3.7122353065E+00
-7.6200E-06,-3.7204225147E+00
-7.6000E-06,-3.7443322265E+00
-7.5800E-06,-3.7473713195E+00
-7.5600E-06,-3.7473713481E+00
-7.5400E-06,-3.7523921669E+00
-7.5200E-06,-3.7474313915E+00
-7.5000E-06,-3.7634660709E+00
-7.4800E-06,-3.7725586784E+00
-7.4600E-06,-3.7868903148E+00
-7.4400E-06,-3.7862732875E+00
-7.4200E-06,-3.7875294197E+00
-7.4000E-06,-3.7875294292E+00
-7.3800E-06,-3.7956863296E+00
-7.3600E-06,-3.7969839561E+00
-7.3400E-06,-3.8072598159E+00
-7.3200E-06,-3.8225737464E+00
-7.3000E-06,-3.8201565635E+00
-7.2800E-06,-3.8176470649E+00
-7.2600E-06,-3.8276862895E+00
-7.2400E-06,-3.8303530300E+00
-7.2200E-06,-3.8280594814E+00
-7.2000E-06,-3.8279458225E+00
-7.1800E-06,-3.8578626335E+00
-7.1600E-06,-3.8482942474E+00
-7.1400E-06,-3.8483677089E+00
-7.1200E-06,-3.8549791610E+00
-7.1000E-06,-3.8628235328E+00
-7.0800E-06,-3.8678433025E+00
-7.0600E-06,-3.8678434551E+00
-7.0400E-06,-3.8753949249E+00
-7.0200E-06,-3.8792970455E+00
-7.0000E-06,-3.8920017231E+00
-6.9800E-06,-3.8913788402E+00
-6.9600E-06,-3.9020098102E+00
-6.9400E-06,-3.8929359710E+00
-6.9200E-06,-3.9080000007E+00
-6.9000E-06,-3.9080000007E+00
-6.8800E-06,-3.9080000103E+00
-6.8600E-06,-3.9080000103E+00
-6.8400E-06,-3.9080000484E+00
-6.8200E-06,-3.9080000103E+00
-6.8000E-06,-3.9121234787E+00
-6.7800E-06,-3.9212073791E+00
-6.7600E-06,-3.9309565723E+00
-6.7400E-06,-3.9290904891E+00
-6.7200E-06,-3.9429736602E+00
-6.7000E-06,-3.9481568325E+00
-6.6800E-06,-3.9481458080E+00
-6.6600E-06,-3.9481568706E+00
-6.6400E-06,-3.9475294197E+00
-6.6200E-06,-3.9481568801E+00
-6.6000E-06,-3.9481568706E+00
-6.5800E-06,-3.9481764877E+00
-6.5600E-06,-3.9531967056E+00
-6.5400E-06,-3.9557068145E+00
-6.5200E-06,-3.9563498580E+00
-6.5000E-06,-3.9678786647E+00
-6.4800E-06,-3.9607830703E+00
-6.4600E-06,-3.9807818687E+00
-6.4400E-06,-3.9812841785E+00
-6.4200E-06,-3.9713584983E+00
-6.4000E-06,-3.9719607055E+00
-6.3800E-06,-3.9826551902E+00
-6.3600E-06,-3.9876739872E+00
-6.3400E-06,-3.9883137310E+00
-6.3200E-06,-3.9883137405E+00
-6.3000E-06,-3.9933333385E+00
-6.2800E-06,-3.9983531082E+00
-6.2600E-06,-3.9883137405E+00
-6.2400E-06,-3.9884708107E+00
-6.2200E-06,-3.9891380298E+00
-6.2000E-06,-3.9933725727E+00
-6.1800E-06,-3.9961965263E+00
-6.1600E-06,-3.9980629337E+00
-6.1400E-06,-3.9979140365E+00
-6.1200E-06,-4.0103468025E+00
-6.1000E-06,-3.9970980442E+00
-6.0800E-06,-3.9981936157E+00
-6.0600E-06,-4.0185888660E+00
-6.0400E-06,-4.0085919178E+00
-6.0200E-06,-4.0111139667E+00
-6.0000E-06,-4.0160838783E+00
-5.9800E-06,-4.0226926601E+00
-5.9600E-06,-4.0133983982E+00
-5.9400E-06,-4.0234502876E+00
-5.9200E-06,-4.0259116447E+00
-5.9000E-06,-4.0281568229E+00
-5.8800E-06,-4.0253332889E+00
-5.8600E-06,-4.0234411800E+00
-5.8400E-06,-4.0278376281E+00
-5.8200E-06,-4.0281562603E+00
-5.8000E-06,-4.0281568706E+00
-5.7800E-06,-4.0284904087E+00
-5.7600E-06,-4.0290980518E+00
-5.7400E-06,-4.0335102737E+00
-5.7200E-06,-4.0284706581E+00
-5.7000E-06,-4.0341176593E+00
-5.6800E-06,-4.0285295761E+00
-5.6600E-06,-4.0335104740E+00
-5.6400E-06,-4.0427699554E+00
-5.6200E-06,-4.0485692108E+00
-5.6000E-06,-4.0335719287E+00
-5.5800E-06,-4.0353369892E+00
-5.5600E-06,-4.0351860607E+00
-5.5400E-06,-4.0356930244E+00
-5.5200E-06,-4.0482695949E+00
-5.5000E-06,-4.0582694423E+00
-5.4800E-06,-4.0482355869E+00
-5.4600E-06,-4.0623358619E+00
-5.4400E-06,-4.0492648399E+00
-5.4200E-06,-4.0493777645E+00
-5.4000E-06,-4.0511869037E+00
-5.3800E-06,-4.0591029918E+00
-5.3600E-06,-4.0616323459E+00
-5.3400E-06,-4.0632827461E+00
-5.3200E-06,-4.0592036235E+00
-5.3000E-06,-4.0588164222E+00
-5.2800E-06,-4.0613664424E+00
-5.2600E-06,-4.0666247928E+00
-5.2400E-06,-4.0634365451E+00
-5.2200E-06,-4.0628902423E+00
-5.2000E-06,-4.0617172229E+00
-5.1800E-06,-4.0610965621E+00
-5.1600E-06,-4.0634799945E+00
-5.1400E-06,-4.0686118305E+00
-5.1200E-06,-4.0626657379E+00
-5.1000E-06,-4.0686262310E+00
-5.0800E-06,-4.0683033073E+00
-5.0600E-06,-4.0635165393E+00
-5.0400E-06,-4.0683721244E+00
-5.0200E-06,-4.0686270607E+00
-5.0000E-06,-4.0685441196E+00
-4.9800E-06,-4.0622640789E+00
-4.9600E-06,-4.0629797637E+00
-4.9400E-06,-4.0522346580E+00
-4.9200E-06,-4.0622738826E+00
-4.9000E-06,-4.0682285583E+00
-4.8800E-06,-4.0683118808E+00
-4.8600E-06,-4.0676445186E+00
-4.8400E-06,-4.0623332584E+00
-4.8200E-06,-4.0659386909E+00
-4.8000E-06,-4.0684705818E+00
-4.7800E-06,-4.0685879314E+00
-4.7600E-06,-4.0661151874E+00
-4.7400E-06,-4.0621960819E+00
-4.7200E-06,-4.0636076915E+00
-4.7000E-06,-4.0598376262E+00
-4.6800E-06,-4.0635974300E+00
-4.6600E-06,-4.0629788482E+00
-4.6400E-06,-4.0601562488E+00
-4.6200E-06,-4.0686262310E+00
-4.6000E-06,-4.0661164272E+00
-4.5800E-06,-4.0682744968E+00
-4.5600E-06,-4.0673627460E+00
-4.5400E-06,-4.0686176193E+00
-4.5200E-06,-4.0608578193E+00
-4.5000E-06,-4.0661071575E+00
-4.4800E-06,-4.0635873878E+00
-4.4600E-06,-4.0657989872E+00
-4.4400E-06,-4.0604704177E+00
-4.4200E-06,-4.0597491825E+00
-4.4000E-06,-4.0619671047E+00
-4.3800E-06,-4.0506414115E+00
-4.3600E-06,-4.0582633197E+00
-4.3400E-06,-4.0619454658E+00
-4.3200E-06,-4.0622344673E+00
-4.3000E-06,-4.0525143325E+00
-4.2800E-06,-4.0585738647E+00
-4.2600E-06,-4.0500609767E+00
-4.2400E-06,-4.0600694358E+00
-4.2200E-06,-4.0613189399E+00
-4.2000E-06,-4.0631622684E+00
-4.1800E-06,-4.0589362419E+00
-4.1600E-06,-4.0638043964E+00
-4.1400E-06,-4.0583213699E+00
-4.1200E-06,-4.0334264362E+00
-4.1000E-06,-4.0384295261E+00
-4.0800E-06,-4.0609596145E+00
-4.0600E-06,-4.0408417690E+00
-4.0400E-06,-4.0510388649E+00
-4.0200E-06,-4.0479961097E+00
-4.0000E-06,-4.0300418365E+00
-3.9800E-06,-4.0397919071E+00
-3.9600E-06,-4.0479519069E+00
-3.9400E-06,-4.0285789001E+00
-3.9200E-06,-4.0304607189E+00
-3.9000E-06,-4.0285494125E+00
-3.8800E-06,-4.0334902084E+00
-3.8600E-06,-4.0284707153E+00
-3.8400E-06,-4.0323164165E+00
-3.8200E-06,-4.0285686386E+00
-3.8000E-06,-4.0284902084E+00
-3.7800E-06,-4.0284706295E+00
-3.7600E-06,-4.0284699428E+00
-3.7400E-06,-4.0284706008E+00
-3.7200E-06,-4.0283921611E+00
-3.7000E-06,-4.0234491527E+00
-3.6800E-06,-4.0265845668E+00
-3.6600E-06,-4.0252549064E+00
-3.6400E-06,-4.0271568286E+00
-3.6200E-06,-4.0124248874E+00
-3.6000E-06,-4.0237259853E+00
-3.5800E-06,-4.0196730030E+00
-3.5600E-06,-4.0126507938E+00
-3.5400E-06,-4.0082944477E+00
-3.5200E-06,-4.0057941139E+00
-3.5000E-06,-4.0055686367E+00
-3.4800E-06,-4.0079788196E+00
-3.4600E-06,-4.0053321064E+00
-3.4400E-06,-4.0023851001E+00
-3.4200E-06,-4.0078711212E+00
-3.4000E-06,-3.9901985538E+00
-3.3800E-06,-3.9883138931E+00
-3.3600E-06,-3.9883186805E+00
-3.3400E-06,-3.9983676612E+00
-3.3200E-06,-3.9889413440E+00
-3.3000E-06,-3.9883137405E+00
-3.2800E-06,-3.9876860511E+00
-3.2600E-06,-3.9883137310E+00
-3.2400E-06,-3.9883137119E+00
-3.2200E-06,-3.9883131206E+00
-3.2000E-06,-3.9876855361E+00
-3.1800E-06,-3.9757637489E+00
-3.1600E-06,-3.9795946872E+00
-3.1400E-06,-3.9707252014E+00
-3.1200E-06,-3.9871341121E+00
-3.1000E-06,-3.9587055480E+00
-3.0800E-06,-3.9529291523E+00
-3.0600E-06,-3.9495916069E+00
-3.0400E-06,-3.9525735748E+00
-3.0200E-06,-3.9494313991E+00
-3.0000E-06,-3.9481569564E+00
-2.9800E-06,-3.9481568801E+00
-2.9600E-06,-3.9481568801E+00
-2.9400E-06,-3.9481568706E+00
-2.9200E-06,-3.9481568611E+00
-2.9000E-06,-3.9481567085E+00
-2.8800E-06,-3.9481568706E+00
-2.8600E-06,-3.9481540954E+00
-2.8400E-06,-3.9386821067E+00
-2.8200E-06,-3.9261349857E+00
-2.8000E-06,-3.9304650199E+00
-2.7800E-06,-3.9160445487E+00
-2.7600E-06,-3.9180441558E+00
-2.7400E-06,-3.9080001628E+00
-2.7200E-06,-3.9080000103E+00
-2.7000E-06,-3.9080000007E+00
-2.6800E-06,-3.9080000007E+00
-2.6600E-06,-3.9080000007E+00
-2.6400E-06,-3.9073725498E+00
-2.6200E-06,-3.9073663890E+00
-2.6000E-06,-3.8935406101E+00
-2.5800E-06,-3.8880530822E+00
-2.5600E-06,-3.8755676544E+00
-2.5400E-06,-3.8761393344E+00
-2.5200E-06,-3.8678629482E+00
-2.5000E-06,-3.8678431880E+00
-2.4800E-06,-3.8678431404E+00
-2.4600E-06,-3.8678424919E+00
-2.4400E-06,-3.8672150505E+00
-2.4200E-06,-3.8617391098E+00
-2.4000E-06,-3.8617337692E+00
-2.3800E-06,-3.8472049415E+00
-2.3600E-06,-3.8441827953E+00
-2.3400E-06,-3.8405564010E+00
-2.3200E-06,-3.8277061260E+00
-2.3000E-06,-3.8276863658E+00
-2.2800E-06,-3.8276862895E+00
-2.2600E-06,-3.8276856697E+00
-2.2400E-06,-3.8276835239E+00
-2.2200E-06,-3.8218348014E+00
-2.2000E-06,-3.7974518001E+00
-2.1800E-06,-3.7890401447E+00
-2.1600E-06,-3.7875294292E+00
-2.1400E-06,-3.7900392330E+00
-2.1200E-06,-3.7875294197E+00
-2.1000E-06,-3.7873688591E+00
-2.0800E-06,-3.7818529975E+00
-2.0600E-06,-3.7777157295E+00
-2.0400E-06,-3.7475724876E+00
-2.0200E-06,-3.7473725593E+00
-2.0000E-06,-3.7473725593E+00
-1.9800E-06,-3.7473725498E+00
-1.9600E-06,-3.7423430431E+00
-1.9400E-06,-3.7307828987E+00
-1.9200E-06,-3.7224909198E+00
-1.9000E-06,-3.7086274612E+00
-1.8800E-06,-3.7072156990E+00
-1.8600E-06,-3.7021954715E+00
-1.8400E-06,-3.7020863998E+00
-1.8200E-06,-3.6723758018E+00
-1.8000E-06,-3.6674118125E+00
-1.7800E-06,-3.6670588386E+00
-1.7600E-06,-3.6670588291E+00
-1.7400E-06,-3.6670588195E+00
-1.7200E-06,-3.6512278068E+00
-1.7000E-06,-3.6283345783E+00
-1.6800E-06,-3.6269019687E+00
-1.6600E-06,-3.6269018924E+00
-1.6400E-06,-3.6187336147E+00
-1.6200E-06,-3.5921772945E+00
-1.6000E-06,-3.5867451084E+00
-1.5800E-06,-3.5867450988E+00
-1.5600E-06,-3.5716778266E+00
-1.5400E-06,-3.5580613410E+00
-1.5200E-06,-3.5566274631E+00
-1.5000E-06,-3.5465876281E+00
-1.4800E-06,-3.5414769924E+00
-1.4600E-06,-3.5090803611E+00
-1.4400E-06,-3.5064313877E+00
-1.4200E-06,-3.5064313781E+00
-1.4000E-06,-3.4962551010E+00
-1.3800E-06,-3.4662745273E+00
-1.3600E-06,-3.4662745178E+00
-1.3400E-06,-3.4555838192E+00
-1.3200E-06,-3.4273921669E+00
-1.3000E-06,-3.4261176479E+00
-1.2800E-06,-3.4082357109E+00
-1.2600E-06,-3.3859607971E+00
-1.2400E-06,-3.3859583366E+00
-1.2200E-06,-3.3621074092E+00
-1.2000E-06,-3.3458039367E+00
-1.1800E-06,-3.3395199859E+00
-1.1600E-06,-3.3059634864E+00
-1.1400E-06,-3.3006274688E+00
-1.1200E-06,-3.2817245567E+00
-1.1000E-06,-3.2669019687E+00
-1.0800E-06,-3.2416225803E+00
-1.0600E-06,-3.2253333366E+00
-1.0400E-06,-3.2125880802E+00
-1.0200E-06,-3.1851764858E+00
-1.0000E-06,-3.1764380062E+00
-9.8000E-07,-3.1450294197E+00
-9.6000E-07,-3.1201930606E+00
-9.4000E-07,-3.1040703189E+00
-9.2000E-07,-3.0688247859E+00
-9.0000E-07,-3.0521515644E+00
-8.8000E-07,-3.0245490158E+00
-8.6000E-07,-2.9890601051E+00
-8.4000E-07,-2.9690902984E+00
-8.2000E-07,-2.9414129913E+00
-8.0000E-07,-2.9053334987E+00
-7.8000E-07,-2.8678477180E+00
-7.6000E-07,-2.8402853477E+00
-7.4000E-07,-2.8184212673E+00
-7.2000E-07,-2.7829653919E+00
-7.0000E-07,-2.7434509933E+00
-6.8000E-07,-2.7032941234E+00
-6.6000E-07,-2.6593725669E+00
-6.4000E-07,-2.6236066234E+00
-6.2000E-07,-2.5828232276E+00
-6.0000E-07,-2.5376173294E+00
-5.8000E-07,-2.4857397926E+00
-5.6000E-07,-2.4385205352E+00
-5.4000E-07,-2.3980195224E+00
-5.2000E-07,-2.3439351928E+00
-5.0000E-07,-2.2979888046E+00
-4.8000E-07,-2.2532477176E+00
-4.6000E-07,-2.1912753379E+00
-4.4000E-07,-2.1341699493E+00
-4.2000E-07,-2.0822867572E+00
-4.0000E-07,-2.0227934825E+00
-3.8000E-07,-1.9642494857E+00
-3.6000E-07,-1.9101957786E+00
-3.4000E-07,-1.8515088642E+00
-3.2000E-07,-1.7897055709E+00
-3.0000E-07,-1.7333165443E+00
-2.8000E-07,-1.6792950809E+00
-2.6000E-07,-1.6046873748E+00
-2.4000E-07,-1.5487855899E+00
-2.2000E-07,-1.4846535194E+00
-2.0000E-07,-1.4348247993E+00
-1.8000E-07,-1.3728096092E+00
-1.6000E-07,-1.3072113693E+00
-1.4000E-07,-1.2412324035E+00
-1.2000E-07,-1.1785486495E+00
-1.0000E-07,-1.1186691749E+00
-8.0000E-08,-1.0719013584E+00
-6.0000E-08,-9.9271784663E-01
-4.0000E-08,-9.3380076289E-01
-2.0000E-08,-8.7819609523E-01
-1.0000E-21,-8.0258782268E-01
2.0000E-08,-7.5690164447E-01
4.0000E-08,-6.8159423709E-01
6.0000E-08,-6.3143074870E-01
8.0000E-08,-5.5256175876E-01
1.0000E-07,-5.0211240649E-01
1.2000E-07,-4.3593200564E-01
1.4000E-07,-3.8154379725E-01
1.6000E-07,-3.1145283580E-01
1.8000E-07,-2.4336700320E-01
2.0000E-07,-1.9349020839E-01
2.2000E-07,-1.2003857493E-01
2.4000E-07,-6.4245184660E-02
2.6000E-07,3.2367813587E-03
2.8000E-07,5.3725177050E-02
3.0000E-07,1.2353827596E-01
3.2000E-07,1.8172482610E-01
3.4000E-07,2.4341488004E-01
3.6000E-07,2.9343169332E-01
3.8000E-07,3.6504197240E-01
4.0000E-07,4.2392997861E-01
4.2000E-07,4.7216494679E-01
4.4000E-07,5.3811762929E-01
4.6000E-07,5.8971394658E-01
4.8000E-07,6.2904718518E-01
5.0000E-07,6.5858676076E-01
5.2000E-07,6.6984312177E-01
5.4000E-07,6.7011771321E-01
5.6000E-07,6.8732637525E-01
5.8000E-07,7.1003918767E-01
6.0000E-07,7.1003915906E-01
6.2000E-07,7.1003919721E-01
6.4000E-07,7.1003920674E-01
6.6000E-07,7.1003920674E-01
6.8000E-07,7.1003920674E-01
7.0000E-07,7.1263356328E-01
7.2000E-07,7.1396230817E-01
7.4000E-07,7.2210347295E-01
7.6000E-07,7.2461270452E-01
7.8000E-07,7.3327146649E-01
8.0000E-07,7.2969399571E-01
8.2000E-07,7.4015133023E-01
8.4000E-07,7.3793534398E-01
8.6000E-07,7.4893931508E-01
8.8000E-07,7.4877940297E-01
9.0000E-07,7.3999872327E-01
9.2000E-07,7.5019606709E-01
9.4000E-07,7.5019606709E-01
9.6000E-07,7.5019606709E-01
9.8000E-07,7.4768626332E-01
1.0000E-06,7.5019606709E-01
1.0200E-06,7.5019607663E-01
1.0400E-06,7.5019604802E-01
1.0600E-06,7.5019607663E-01
1.0800E-06,7.5020588040E-01
1.1000E-06,7.5019607663E-01
1.1200E-06,7.5050979733E-01
1.1400E-06,7.5035293698E-01
1.1600E-06,7.5019608617E-01
1.1800E-06,7.5027450681E-01
1.2000E-06,7.5019608617E-01
1.2200E-06,7.5145159841E-01
1.2400E-06,7.5019608617E-01
1.2600E-06,7.5027450681E-01
1.2800E-06,7.5160795331E-01
1.3000E-06,7.5043631673E-01
1.3200E-06,7.5088315129E-01
1.3400E-06,7.5019672513E-01
1.3600E-06,7.5153278470E-01
1.3800E-06,7.5859422803E-01
1.4000E-06,7.6907049298E-01
1.4200E-06,7.7531836629E-01
1.4400E-06,7.5905135274E-01
1.4600E-06,7.6158276677E-01
1.4800E-06,7.6419514775E-01
1.5000E-06,7.6316378713E-01
1.5200E-06,7.7276655316E-01
1.5400E-06,7.7856387258E-01
1.5600E-06,7.7975726247E-01
1.5800E-06,7.7852259755E-01
1.6000E-06,7.7908943295E-01
1.6200E-06,7.8214677930E-01
1.6400E-06,7.7903177381E-01
1.6600E-06,7.7637560010E-01
1.6800E-06,7.8658730626E-01
1.7000E-06,7.8784186482E-01
1.7200E-06,7.7746965528E-01
1.7400E-06,7.7926958203E-01
1.7600E-06,7.9025488973E-01
1.7800E-06,7.8908807874E-01
1.8000E-06,7.8815118909E-01
1.8200E-06,7.7965685010E-01
1.8400E-06,7.7899967313E-01
1.8600E-06,7.9034802556E-01
1.8800E-06,7.9001346707E-01
1.9000E-06,7.9033331990E-01
1.9200E-06,7.8031363606E-01
1.9400E-06,7.8909802556E-01
1.9600E-06,7.9035292745E-01
1.9800E-06,7.9035292745E-01
2.0000E-06,7.9035292745E-01
2.0200E-06,7.9033331990E-01
2.0400E-06,7.8972547650E-01
2.0600E-06,7.9035292745E-01
2.0800E-06,7.8909802556E-01
2.1000E-06,7.9035292745E-01
2.1200E-06,7.8909802556E-01
2.1400E-06,7.9035285115E-01
2.1600E-06,7.9035292745E-01
2.1800E-06,7.9035292745E-01
2.2000E-06,7.9035292745E-01
2.2200E-06,7.8031371236E-01
2.2400E-06,7.9035291791E-01
2.2600E-06,7.9031371236E-01
2.2800E-06,7.9031371236E-01
2.3000E-06,7.9035293698E-01
2.3200E-06,7.9031371236E-01
2.3400E-06,7.9035293698E-01
2.3600E-06,7.9035293698E-01
2.3800E-06,7.9035293698E-01
2.4000E-06,7.9035293698E-01
2.4200E-06,7.9035293698E-01
2.4400E-06,7.9035293698E-01
2.4600E-06,7.9035293698E-01
2.4800E-06,7.9035293698E-01
2.5000E-06,7.9035293698E-01
2.5200E-06,7.9035297513E-01
2.5400E-06,7.9035293698E-01
2.5600E-06,7.9035354733E-01
2.5800E-06,7.9035294652E-01
2.6000E-06,7.9044117093E-01
2.6200E-06,7.9036274076E-01
2.6400E-06,7.9035293698E-01
2.6600E-06,7.9035293698E-01
2.6800E-06,7.9036274076E-01
2.7000E-06,7.9035354733E-01
2.7200E-06,7.9035293698E-01
2.7400E-06,7.9035293698E-01
2.7600E-06,7.9036278844E-01
2.7800E-06,7.9037254453E-01
2.8000E-06,7.9035293698E-01
2.8200E-06,7.9035293698E-01
2.8400E-06,7.9537254453E-01
2.8600E-06,7.9035293698E-01
2.8800E-06,7.9035354733E-01
2.9000E-06,7.9545097470E-01
2.9200E-06,7.9035354733E-01
2.9400E-06,7.9043198705E-01
2.9600E-06,7.9036275029E-01
2.9800E-06,7.9035296559E-01
3.0000E-06,7.9050979733E-01
3.0200E-06,7.9788356900E-01
3.0400E-06,7.9035303235E-01
3.0600E-06,7.9043138623E-01
3.0800E-06,7.9291759610E-01
3.1000E-06,7.9568665624E-01
3.1200E-06,8.0318136334E-01
3.1400E-06,7.9413111806E-01
3.1600E-06,7.9686658978E-01
3.1800E-06,7.9107528806E-01
3.2000E-06,7.9350613713E-01
3.2200E-06,7.9106953740E-01
3.2400E-06,7.9436361432E-01
3.2600E-06,7.9372703671E-01
3.2800E-06,8.1044670224E-01
3.3000E-06,7.9517770886E-01
3.3200E-06,7.9312867284E-01
3.3400E-06,8.0381864667E-01
3.3600E-06,7.9106893659E-01
3.3800E-06,7.9047304273E-01
3.4000E-06,8.0376994252E-01
3.4200E-06,8.0096480489E-01
3.4400E-06,8.0320281148E-01
3.4600E-06,7.9320881963E-01
3.4800E-06,7.9297091603E-01
3.5000E-06,7.9608918309E-01
3.5200E-06,8.0425200582E-01
3.5400E-06,7.9876077771E-01
3.5600E-06,7.9269831777E-01
3.5800E-06,7.9862715840E-01
3.6000E-06,7.9743841290E-01
3.6200E-06,7.9926690221E-01
3.6400E-06,7.9859971166E-01
3.6600E-06,8.0820317388E-01
3.6800E-06,8.0420570493E-01
3.7000E-06,8.1048506856E-01
3.7200E-06,8.0405616879E-01
3.7400E-06,8.0529019475E-01
3.7600E-06,7.9995138288E-01
3.7800E-06,7.9525849462E-01
3.8000E-06,7.9818493962E-01
3.8200E-06,7.9499726415E-01
3.8400E-06,7.9503662229E-01
3.8600E-06,8.1004877210E-01
3.8800E-06,8.0195445180E-01
3.9000E-06,8.1896753430E-01
3.9200E-06,8.0256037831E-01
3.9400E-06,8.0508226514E-01
3.9600E-06,7.9395526052E-01
3.9800E-06,7.9882178426E-01
4.0000E-06,8.0870339513E-01
4.0200E-06,8.0790201306E-01
4.0400E-06,8.0540511250E-01
4.0600E-06,7.9254956365E-01
4.0800E-06,7.9607016683E-01
4.1000E-06,8.0477481008E-01
4.1200E-06,8.0770578504E-01
4.1400E-06,7.9546315312E-01
4.1600E-06,7.9504472852E-01
4.1800E-06,8.0062704206E-01
4.2000E-06,8.0236900449E-01
4.2200E-06,8.2061395764E-01
4.2400E-06,8.1889246106E-01
4.2600E-06,8.0514325261E-01
4.2800E-06,8.1020570874E-01
4.3000E-06,8.0643928647E-01
4.3200E-06,8.2445222974E-01
4.3400E-06,8.1297429204E-01
4.3600E-06,7.9523149610E-01
4.3800E-06,7.9425460935E-01
4.4000E-06,8.1509799123E-01
4.4200E-06,8.1425367475E-01
4.4400E-06,8.1270773053E-01
4.4600E-06,8.2236280560E-01
4.4800E-06,8.1110523343E-01
4.5000E-06,8.0875541806E-01
4.5200E-06,8.1031143308E-01
4.5400E-06,8.1101576924E-01
4.5600E-06,7.9912254453E-01
4.5800E-06,7.9910779119E-01
4.6000E-06,8.0320587277E-01
4.6200E-06,8.0992876172E-01
4.6400E-06,8.0538248181E-01
4.6600E-06,8.2376697659E-01
4.6800E-06,8.0604603887E-01
4.7000E-06,8.0431694150E-01
4.7200E-06,8.0997916341E-01
4.7400E-06,8.0466591001E-01
4.7600E-06,7.9548527837E-01
4.7800E-06,7.9799387097E-01
4.8000E-06,7.9950498700E-01
4.8200E-06,8.0039553761E-01
4.8400E-06,8.1101920247E-01
4.8600E-06,8.1200854421E-01
4.8800E-06,8.0581128240E-01
4.9000E-06,8.1191360593E-01
4.9200E-06,8.1027011991E-01
4.9400E-06,8.1027640462E-01
4.9600E-06,8.1278253675E-01
4.9800E-06,8.0651100278E-01
5.0000E-06,8.0917269826E-01
5.0200E-06,8.0808070302E-01
5.0400E-06,8.0304333806E-01
5.0600E-06,7.9537295461E-01
5.0800E-06,7.9532918096E-01
5.1000E-06,8.1106613278E-01
5.1200E-06,8.0099973798E-01
5.1400E-06,8.1572379231E-01
5.1600E-06,8.0399582028E-01
5.1800E-06,7.9835873723E-01
5.2000E-06,8.0807931066E-01
5.2200E-06,8.1007685781E-01
5.2400E-06,8.1079198003E-01
5.2600E-06,8.1914668202E-01
5.2800E-06,8.0461248517E-01
5.3000E-06,8.2475511670E-01
5.3200E-06,8.0732620358E-01
5.3400E-06,8.0725443959E-01
5.3600E-06,8.0858884931E-01
5.3800E-06,8.0602120519E-01
5.4000E-06,8.0341343999E-01
5.4200E-06,7.9662724614E-01
5.4400E-06,7.9533315778E-01
5.4600E-06,8.0567878842E-01
5.4800E-06,8.0174837232E-01
5.5000E-06,7.9664781690E-01
5.5200E-06,8.1103177190E-01
5.5400E-06,8.1038884282E-01
5.5600E-06,8.0921735883E-01
5.5800E-06,8.0341849446E-01
5.6000E-06,8.0853498578E-01
5.6200E-06,8.0980113149E-01
5.6400E-06,8.1529833913E-01
5.6600E-06,8.1224960446E-01
5.6800E-06,8.0897969365E-01
5.7000E-06,8.0291300893E-01
5.7200E-06,8.0751675725E-01
5.7400E-06,8.0619069219E-01
5.7600E-06,8.0616688848E-01
5.7800E-06,7.9517022252E-01
5.8000E-06,8.0826862454E-01
5.8200E-06,8.0944990277E-01
5.8400E-06,7.9939565778E-01
5.8600E-06,8.0863122106E-01
5.8800E-06,8.0609060407E-01
5.9000E-06,8.1020603299E-01
5.9200E-06,7.9877495885E-01
5.9400E-06,8.0854348302E-01
5.9600E-06,8.0837292790E-01
5.9800E-06,8.0672680020E-01
6.0000E-06,8.0124358296E-01
6.0200E-06,8.0380032659E-01
6.0400E-06,8.0515114903E-01
6.0600E-06,7.9497181058E-01
6.0800E-06,7.9287759900E-01
6.1000E-06,8.0748896718E-01
6.1200E-06,8.0675489545E-01
6.1400E-06,7.9758901715E-01
6.1600E-06,8.0517294049E-01
6.1800E-06,7.9823042035E-01
6.2000E-06,7.9574222684E-01
6.2200E-06,7.9557030797E-01
6.2400E-06,7.9342248082E-01
6.2600E-06,7.9840785146E-01
6.2800E-06,7.9935497403E-01
6.3000E-06,7.9539353490E-01
6.3200E-06,7.9079420209E-01
6.3400E-06,7.9357842565E-01
6.3600E-06,7.9377527356E-01
6.3800E-06,7.9297241330E-01
6.4000E-06,8.0793197751E-01
6.4200E-06,7.9793205380E-01
6.4400E-06,7.9291852117E-01
6.4600E-06,8.0356003881E-01
6.4800E-06,7.9670595288E-01
6.5000E-06,7.9037288785E-01
6.5200E-06,7.9297058225E-01
6.5400E-06,7.9537744641E-01
6.5600E-06,7.9037319303E-01
6.5800E-06,7.9038295865E-01
6.6000E-06,7.9043141484E-01
6.6200E-06,7.9043320775E-01
6.6400E-06,7.9545652509E-01
6.6600E-06,7.9035303235E-01
6.6800E-06,7.9035293698E-01
6.7000E-06,7.9035293698E-01
6.7200E-06,7.9286274076E-01
6.7400E-06,7.9035297513E-01
6.7600E-06,7.9035293698E-01
6.7800E-06,7.9035301328E-01
6.8000E-06,7.9037262082E-01
6.8200E-06,7.9043138623E-01
6.8400E-06,7.9035293698E-01
6.8600E-06,7.9035354733E-01
6.8800E-06,7.9035293698E-01
6.9000E-06,7.9035293698E-01
6.9200E-06,7.9035324216E-01
6.9400E-06,7.9035362363E-01
6.9600E-06,7.9035293698E-01
6.9800E-06,8.0039215207E-01
7.0000E-06,7.9035293698E-01
7.0200E-06,7.9035293698E-01
7.0400E-06,7.9036274076E-01
7.0600E-06,7.9035293698E-01
7.0800E-06,7.9043136716E-01
7.1000E-06,7.9043136716E-01
7.1200E-06,7.9035293698E-01
7.1400E-06,7.9035293698E-01
7.1600E-06,7.9035293698E-01
7.1800E-06,7.9035293698E-01
7.2000E-06,7.9035293698E-01
7.2200E-06,7.9035293698E-01
7.2400E-06,7.9035292745E-01
7.2600E-06,7.9035292745E-01
7.2800E-06,7.9035293698E-01
7.3000E-06,7.9035293698E-01
7.3200E-06,7.9035293698E-01
7.3400E-06,7.9035293698E-01
7.3600E-06,7.9035292745E-01
7.3800E-06,7.9035293698E-01
7.4000E-06,7.9035291791E-01
7.4200E-06,7.8909802556E-01
7.4400E-06,7.9035292745E-01
7.4600E-06,7.9035292745E-01
7.4800E-06,7.9035292745E-01
7.5000E-06,7.9035262227E-01
7.5200E-06,7.9035292745E-01
7.5400E-06,7.9035292745E-01
7.5600E-06,7.9035292745E-01
7.5800E-06,7.9035292745E-01
7.6000E-06,7.9035292745E-01
7.6200E-06,7.9035292745E-01
7.6400E-06,7.9035292745E-01
7.6600E-06,7.9035292745E-01
7.6800E-06,7.9035292745E-01
7.7000E-06,7.8972540021E-01
7.7200E-06,7.8031363606E-01
7.7400E-06,7.8030628324E-01
7.7600E-06,7.9035292745E-01
7.7800E-06,7.8529165387E-01
7.8000E-06,7.9031371236E-01
7.8200E-06,7.9035292745E-01
7.8400E-06,7.6774447560E-01
7.8600E-06,7.9035261273E-01
7.8800E-06,7.9034794927E-01
7.9000E-06,7.8999246716E-01
7.9200E-06,7.8909733891E-01
7.9400E-06,7.8282349706E-01
7.9600E-06,7.8529333234E-01
7.9800E-06,7.8532576680E-01
8.0000E-06,7.9034541249E-01
8.0200E-06,7.7707580686E-01
8.0400E-06,7.8940378308E-01
8.0600E-06,7.8783653378E-01
8.0800E-06,7.7434521794E-01
8.1000E-06,7.8210959554E-01
8.1200E-06,7.6736545682E-01
8.1400E-06,7.6555505872E-01
8.1600E-06,7.7815668225E-01
8.1800E-06,7.6811241269E-01
8.2000E-06,7.6884058118E-01
8.2200E-06,7.6654111028E-01
8.2400E-06,7.5935183644E-01
8.2600E-06,7.6688419461E-01
8.2800E-06,7.5935828328E-01
8.3000E-06,7.6022447705E-01
8.3200E-06,7.6728866696E-01
8.3400E-06,7.6458614469E-01
8.3600E-06,7.5574833035E-01
8.3800E-06,7.5067729115E-01
8.4000E-06,7.5233038068E-01
8.4200E-06,7.5118939519E-01
8.4400E-06,7.5126726270E-01
8.4600E-06,7.6535328984E-01
8.4800E-06,7.5032358289E-01
8.5000E-06,7.5035358548E-01
8.5200E-06,7.5030085683E-01
8.5400E-06,7.6024509549E-01
8.5600E-06,7.5019607663E-01
8.5800E-06,7.5019607663E-01
8.6000E-06,7.5031372190E-01
8.6200E-06,7.5050979733E-01
8.6400E-06,7.5160783887E-01
8.6600E-06,7.5019607663E-01
8.6800E-06,7.5082352757E-01
8.7000E-06,7.5019607663E-01
8.7200E-06,7.5019638181E-01
8.7400E-06,7.5019607663E-01
8.7600E-06,7.5019607663E-01
8.7800E-06,7.5019607663E-01
8.8000E-06,7.5019607663E-01
8.8200E-06,7.5019607663E-01
8.8400E-06,7.5019607663E-01
8.8600E-06,7.5019607663E-01
8.8800E-06,7.5019607663E-01
8.9000E-06,7.5019607663E-01
8.9200E-06,7.5019607663E-01
8.9400E-06,7.5019607663E-01
8.9600E-06,7.5019607663E-01
8.9800E-06,7.5019606709E-01
9.0000E-06,7.5019606709E-01
9.0200E-06,7.5019606709E-01
9.0400E-06,7.5019607663E-01
9.0600E-06,7.5019606709E-01
9.0800E-06,7.5019606709E-01
9.1000E-06,7.4768626332E-01
9.1200E-06,7.5019606709E-01
9.1400E-06,7.5019606709E-01
9.1600E-06,7.3890179753E-01
9.1800E-06,7.3262253881E-01
9.2000E-06,7.3889659047E-01
9.2200E-06,7.3231341481E-01
9.2400E-06,7.4873481870E-01
9.2600E-06,7.3505345464E-01
9.2800E-06,7.3321014524E-01
9.3000E-06,7.3649170995E-01
9.3200E-06,7.3839053273E-01
9.3400E-06,7.4563082814E-01
9.3600E-06,7.2913539052E-01
9.3800E-06,7.3106474996E-01
9.4000E-06,7.1746541142E-01
9.4200E-06,7.2264648557E-01
9.4400E-06,7.1401991963E-01
9.4600E-06,7.1566056371E-01
9.4800E-06,7.1265777707E-01
9.5000E-06,7.1048118711E-01
9.5200E-06,7.1130881429E-01
9.5400E-06,7.1129471898E-01
9.5600E-06,7.1004410863E-01
9.5800E-06,7.1003935933E-01
9.6000E-06,7.1003920674E-01
9.6200E-06,7.1003935933E-01
9.6400E-06,7.1003920674E-01
9.6600E-06,6.9999999166E-01
9.6800E-06,7.1003919721E-01
9.7000E-06,7.1003919721E-01
9.7200E-06,7.1003919721E-01
9.7400E-06,7.1003919721E-01
9.7600E-06,7.0737253308E-01
9.7800E-06,7.0984266400E-01
9.8000E-06,7.0873470426E-01
9.8200E-06,7.0999706388E-01
9.8400E-06,6.9424684644E-01
9.8600E-06,6.7152273297E-01
9.8800E-06,6.6992344022E-01
9.9000E-06,6.7113785863E-01
9.9200E-06,6.7020648122E-01
9.9400E-06,6.6988234639E-01
9.9600E-06,6.6988233685E-01
9.9800E-06,6.6988217473E-01
1.0000E-05,6.4695119023E-01
1.0020E-05,6.3703125119E-01
1.0040E-05,6.2972548604E-01
1.0060E-05,6.1464671254E-01
1.0080E-05,5.9083485723E-01
1.0100E-05,5.4634464383E-01
1.0120E-05,4.9147699475E-01
1.0140E-05,4.1886209607E-01
1.0160E-05,3.5867830396E-01
1.0180E-05,2.9186538815E-01
1.0200E-05,2.1790848851E-01
1.0220E-05,1.5909803510E-01
1.0240E-05,8.5820199251E-02
1.0260E-05,1.7910853624E-02
1.0280E-05,-3.0363358259E-02
1.0300E-05,-1.0989554286E-01
1.0320E-05,-1.6341239810E-01
1.0340E-05,-2.3095507503E-01
1.0360E-05,-2.9912320971E-01
1.0380E-05,-3.5286121249E-01
1.0400E-05,-4.0208644748E-01
1.0420E-05,-4.7461765170E-01
1.0440E-05,-5.4865285754E-01
1.0460E-05,-6.1014282107E-01
1.0480E-05,-6.7195507884E-01
1.0500E-05,-7.4855986476E-01
1.0520E-05,-7.9836246371E-01
1.0540E-05,-8.7244507670E-01
1.0560E-05,-9.4649092555E-01
1.0580E-05,-9.9348809123E-01
1.0600E-05,-1.0598059928E+00
1.0620E-05,-1.1158411777E+00
1.0640E-05,-1.1907556617E+00
1.0660E-05,-1.2426614845E+00
1.0680E-05,-1.3143273532E+00
1.0700E-05,-1.3630790699E+00
1.0720E-05,-1.4351468647E+00
1.0740E-05,-1.4822991359E+00
1.0760E-05,-1.5600543487E+00
1.0780E-05,-1.6216082275E+00
1.0800E-05,-1.6760079563E+00
1.0820E-05,-1.7282552230E+00
1.0840E-05,-1.7971715629E+00
1.0860E-05,-1.8600788677E+00
1.0880E-05,-1.9170059764E+00
1.0900E-05,-1.9707846439E+00
1.0920E-05,-2.0340065086E+00
1.0940E-05,-2.0981654441E+00
1.0960E-05,-2.1542993915E+00
1.0980E-05,-2.1994454753E+00
1.1000E-05,-2.2453138530E+00
1.1020E-05,-2.3050424373E+00
1.1040E-05,-2.3644595611E+00
1.1060E-05,-2.4185641277E+00
1.1080E-05,-2.4651647937E+00
1.1100E-05,-2.5069500911E+00
1.1120E-05,-2.5477451313E+00
1.1140E-05,-2.6001427257E+00
1.1160E-05,-2.6411654556E+00
1.1180E-05,-2.6798900592E+00
1.1200E-05,-2.7086085689E+00
1.1220E-05,-2.7516669357E+00
1.1240E-05,-2.8037500083E+00
1.1260E-05,-2.8237647235E+00
1.1280E-05,-2.8626568973E+00
1.1300E-05,-2.9025055206E+00
1.1320E-05,-2.9405722225E+00
1.1340E-05,-2.9493215263E+00
1.1360E-05,-2.9843921649E+00
1.1380E-05,-3.0191138256E+00
1.1400E-05,-3.0463999355E+00
1.1420E-05,-3.0634895790E+00
1.1440E-05,-3.0905846775E+00
1.1460E-05,-3.1254755294E+00
1.1480E-05,-3.1450588405E+00
1.1500E-05,-3.1602145851E+00
1.1520E-05,-3.1851789367E+00
1.1540E-05,-3.2129787433E+00
1.1560E-05,-3.2253529727E+00
1.1580E-05,-3.2635143459E+00
1.1600E-05,-3.2655101192E+00
1.1620E-05,-3.2884948909E+00
1.1640E-05,-3.3059607971E+00
1.1660E-05,-3.3135885990E+00
1.1680E-05,-3.3355974090E+00
1.1700E-05,-3.3558823860E+00
1.1720E-05,-3.3799842250E+00
1.1740E-05,-3.3859607875E+00
1.1760E-05,-3.3886158454E+00
1.1780E-05,-3.4141856563E+00
1.1800E-05,-3.4261176479E+00
1.1820E-05,-3.4389046657E+00
1.1840E-05,-3.4549802005E+00
1.1860E-05,-3.4662745178E+00
1.1880E-05,-3.4740444553E+00
1.1900E-05,-3.5058013237E+00
1.1920E-05,-3.5114509857E+00
1.1940E-05,-3.5243337333E+00
1.1960E-05,-3.5384159267E+00
1.1980E-05,-3.5453333366E+00
1.2000E-05,-3.5465882671E+00
1.2020E-05,-3.5796768272E+00
1.2040E-05,-3.5860722244E+00
1.2060E-05,-3.5867450988E+00
1.2080E-05,-3.5867647159E+00
1.2100E-05,-3.6076084602E+00
1.2120E-05,-3.6256432331E+00
1.2140E-05,-3.6269019687E+00
1.2160E-05,-3.6269019783E+00
1.2180E-05,-3.6445908248E+00
1.2200E-05,-3.6648268592E+00
1.2220E-05,-3.6670488727E+00
1.2240E-05,-3.6670588386E+00
1.2260E-05,-3.6670796669E+00
1.2280E-05,-3.6874372184E+00
1.2300E-05,-3.6959107769E+00
1.2320E-05,-3.7072058856E+00
1.2340E-05,-3.7072156990E+00
1.2360E-05,-3.7072573650E+00
1.2380E-05,-3.7224392211E+00
1.2400E-05,-3.7416329277E+00
1.2420E-05,-3.7454802406E+00
1.2440E-05,-3.7473725498E+00
1.2460E-05,-3.7473725593E+00
1.2480E-05,-3.7477061927E+00
1.2500E-05,-3.7482170093E+00
1.2520E-05,-3.7668922412E+00
1.2540E-05,-3.7708148754E+00
1.2560E-05,-3.7875288093E+00
1.2580E-05,-3.7875294197E+00
1.2600E-05,-3.7875294292E+00
1.2620E-05,-3.8000882709E+00
1.2640E-05,-3.8047088897E+00
1.2660E-05,-3.8113820350E+00
1.2680E-05,-3.8226617610E+00
1.2700E-05,-3.8276713836E+00
1.2720E-05,-3.8276763237E+00
1.2740E-05,-3.8277157009E+00
1.2760E-05,-3.8276862895E+00
1.2780E-05,-3.8379216754E+00
1.2800E-05,-3.8380253971E+00
1.2820E-05,-3.8563867843E+00
1.2840E-05,-3.8507876194E+00
1.2860E-05,-3.8567576873E+00
1.2880E-05,-3.8665821064E+00
1.2900E-05,-3.8678431404E+00
1.2920E-05,-3.8678431404E+00
1.2940E-05,-3.8678431499E+00
1.2960E-05,-3.8682434547E+00
1.2980E-05,-3.8809306514E+00
1.3000E-05,-3.8847593486E+00
1.3020E-05,-3.8999638069E+00
1.3040E-05,-3.9079993427E+00
1.3060E-05,-3.9079985416E+00
1.3080E-05,-3.9080000007E+00
1.3100E-05,-3.9080000007E+00
1.3120E-05,-3.9080000103E+00
1.3140E-05,-3.9080000103E+00
1.3160E-05,-3.9080000198E+00
1.3180E-05,-3.9081570232E+00
1.3200E-05,-3.9184736907E+00
1.3220E-05,-3.9250463760E+00
1.3240E-05,-3.9442536438E+00
1.3260E-05,-3.9447212970E+00
1.3280E-05,-3.9472940910E+00
1.3300E-05,-3.9481568706E+00
1.3320E-05,-3.9481518924E+00
1.3340E-05,-3.9481568706E+00
1.3360E-05,-3.9481565654E+00
1.3380E-05,-3.9481568706E+00
1.3400E-05,-3.9481666839E+00
1.3420E-05,-3.9483163440E+00
1.3440E-05,-3.9483212459E+00
1.3460E-05,-3.9533341205E+00
1.3480E-05,-3.9629766452E+00
1.3500E-05,-3.9682448280E+00
1.3520E-05,-3.9724297607E+00
1.3540E-05,-3.9871949184E+00
1.3560E-05,-3.9696336639E+00
1.3580E-05,-3.9801449668E+00
1.3600E-05,-3.9876861846E+00
1.3620E-05,-3.9876862800E+00
1.3640E-05,-3.9876862037E+00
1.3660E-05,-3.9882941234E+00
1.3680E-05,-3.9883088291E+00
1.3700E-05,-3.9883137310E+00
1.3720E-05,-3.9883039367E+00
1.3740E-05,-3.9883136642E+00
1.3760E-05,-3.9983529556E+00
1.3780E-05,-3.9883163440E+00
1.3800E-05,-3.9908465183E+00
1.3820E-05,-3.9976313102E+00
1.3840E-05,-3.9974781406E+00
1.3860E-05,-4.0081515872E+00
1.3880E-05,-4.0077238452E+00
1.3900E-05,-4.0083921611E+00
1.3920E-05,-4.0087040508E+00
1.3940E-05,-4.0182341659E+00
1.3960E-05,-4.0085099018E+00
1.3980E-05,-4.0086660659E+00
1.4000E-05,-4.0105879676E+00
1.4020E-05,-4.0254353893E+00
1.4040E-05,-4.0249789035E+00
1.4060E-05,-4.0277841270E+00
1.4080E-05,-4.0284306514E+00
1.4100E-05,-4.0134103477E+00
1.4120E-05,-4.0378626716E+00
1.4140E-05,-4.0184313858E+00
1.4160E-05,-4.0284701335E+00
1.4180E-05,-4.0290906990E+00
1.4200E-05,-4.0290980709E+00
1.4220E-05,-4.0304117763E+00
1.4240E-05,-4.0284706962E+00
1.4260E-05,-4.0385318744E+00
1.4280E-05,-4.0284902084E+00
1.4300E-05,-4.0288137424E+00
1.4320E-05,-4.0297941387E+00
1.4340E-05,-4.0297843254E+00
1.4360E-05,-4.0398284614E+00
1.4380E-05,-4.0288473403E+00
1.4400E-05,-4.0338260257E+00
1.4420E-05,-4.0470081508E+00
1.4440E-05,-4.0423366249E+00
1.4460E-05,-4.0500677669E+00
1.4480E-05,-4.0476062191E+00
1.4500E-05,-4.0477594268E+00
1.4520E-05,-4.0484705150E+00
1.4540E-05,-4.0480000198E+00
1.4560E-05,-4.0498151863E+00
1.4580E-05,-4.0489803970E+00
1.4600E-05,-4.0573789108E+00
1.4620E-05,-4.0609919727E+00
1.4640E-05,-4.0528162944E+00
1.4660E-05,-4.0491173732E+00
1.4680E-05,-4.0529343879E+00
1.4700E-05,-4.0663287914E+00
1.4720E-05,-4.0508156002E+00
1.4740E-05,-4.0534039962E+00
1.4760E-05,-4.0629745281E+00
1.4780E-05,-4.0502654350E+00
1.4800E-05,-4.0584060466E+00
1.4820E-05,-4.0585023296E+00
1.4840E-05,-4.0632743156E+00
1.4860E-05,-4.0529184520E+00
1.4880E-05,-4.0582596576E+00
1.4900E-05,-4.0657738960E+00
1.4920E-05,-4.0632686031E+00
1.4940E-05,-4.0632695949E+00
1.4960E-05,-4.0682941043E+00
1.4980E-05,-4.0664067543E+00
1.5000E-05,-4.0648622692E+00
1.5020E-05,-4.0681362426E+00
1.5040E-05,-4.0683135021E+00
1.5060E-05,-4.0582736385E+00
1.5080E-05,-4.0584313762E+00
1.5100E-05,-4.0659607112E+00
1.5120E-05,-4.0684693706E+00
1.5140E-05,-4.0679999816E+00
1.5160E-05,-4.0686274135E+00
1.5180E-05,-4.0636029041E+00
1.5200E-05,-4.0676843631E+00
1.5220E-05,-4.0683111465E+00
1.5240E-05,-4.0686273754E+00
1.5260E-05,-4.0654111564E+00
1.5280E-05,-4.0676813018E+00
1.5300E-05,-4.0657842243E+00
1.5320E-05,-4.0670390499E+00
1.5340E-05,-4.0610963523E+00
1.5360E-05,-4.0662677658E+00
1.5380E-05,-4.0678345668E+00
1.5400E-05,-4.0676862323E+00
1.5420E-05,-4.0585826480E+00
1.5440E-05,-4.0635784328E+00
1.5460E-05,-4.0567057312E+00
1.5480E-05,-4.0541700828E+00
1.5500E-05,-4.0579555786E+00
1.5520E-05,-4.0686163509E+00
1.5540E-05,-4.0601554382E+00
1.5560E-05,-4.0588798606E+00
1.5580E-05,-4.0675635421E+00
1.5600E-05,-4.0616413581E+00
1.5620E-05,-4.0548919857E+00
1.5640E-05,-4.0525484836E+00
1.5660E-05,-4.0678328407E+00
1.5680E-05,-4.0491409576E+00
1.5700E-05,-4.0515705097E+00
1.5720E-05,-4.0586484325E+00
1.5740E-05,-4.0485294044E+00
1.5760E-05,-4.0488571060E+00
1.5780E-05,-4.0482267177E+00
1.5800E-05,-4.0518443859E+00
1.5820E-05,-4.0438876426E+00
1.5840E-05,-4.0485388267E+00
1.5860E-05,-4.0452928150E+00
1.5880E-05,-4.0484229362E+00
1.5900E-05,-4.0410284889E+00
1.5920E-05,-4.0453221691E+00
1.5940E-05,-4.0453219879E+00
1.5960E-05,-4.0393607891E+00
1.5980E-05,-4.0434781730E+00
1.6000E-05,-4.0374785793E+00
1.6020E-05,-4.0335769737E+00
1.6040E-05,-4.0400036609E+00
1.6060E-05,-4.0349341381E+00
1.6080E-05,-4.0335318744E+00
1.6100E-05,-4.0347920310E+00
1.6120E-05,-4.0349044693E+00
1.6140E-05,-4.0284706008E+00
1.6160E-05,-4.0284706008E+00
1.6180E-05,-4.0284711349E+00
1.6200E-05,-4.0284706390E+00
1.6220E-05,-4.0284706008E+00
1.6240E-05,-4.0284730518E+00
1.6260E-05,-4.0283138072E+00
1.6280E-05,-4.0234509838E+00
1.6300E-05,-4.0284508693E+00
1.6320E-05,-4.0284705150E+00
1.6340E-05,-4.0109010780E+00
1.6360E-05,-4.0282883346E+00
1.6380E-05,-4.0197926223E+00
1.6400E-05,-4.0273774898E+00
1.6420E-05,-4.0202877223E+00
1.6440E-05,-4.0089803970E+00
1.6460E-05,-4.0209803951E+00
1.6480E-05,-4.0083132827E+00
1.6500E-05,-4.0009386623E+00
1.6520E-05,-4.0032879150E+00
1.6540E-05,-4.0029751194E+00
1.6560E-05,-3.9898219573E+00
1.6580E-05,-3.9924387348E+00
1.6600E-05,-3.9933750904E+00
1.6620E-05,-3.9884521377E+00
1.6640E-05,-3.9996504772E+00
1.6660E-05,-3.9908443725E+00
1.6680E-05,-3.9883137310E+00
1.6700E-05,-3.9883137405E+00
1.6720E-05,-3.9883088195E+00
1.6740E-05,-3.9883039272E+00
1.6760E-05,-3.9883137310E+00
1.6780E-05,-3.9832943428E+00
1.6800E-05,-3.9864312828E+00
1.6820E-05,-3.9786859214E+00
1.6840E-05,-3.9776551902E+00
1.6860E-05,-3.9813556373E+00
1.6880E-05,-3.9820785892E+00
1.6900E-05,-3.9795477569E+00
1.6920E-05,-3.9503521907E+00
1.6940E-05,-3.9496527946E+00
1.6960E-05,-3.9627923095E+00
1.6980E-05,-3.9489249694E+00
1.7000E-05,-3.9494117820E+00
1.7020E-05,-3.9483137405E+00
1.7040E-05,-3.9481961715E+00
1.7060E-05,-3.9481568801E+00
1.7080E-05,-3.9481568706E+00
1.7100E-05,-3.9481568706E+00
1.7120E-05,-3.9481470668E+00
1.7140E-05,-3.9472500122E+00
1.7160E-05,-3.9469057262E+00
1.7180E-05,-3.9394454277E+00
1.7200E-05,-3.9294771564E+00
1.7220E-05,-3.9194176280E+00
1.7240E-05,-3.9106084907E+00
1.7260E-05,-3.9105098140E+00
1.7280E-05,-3.9080000103E+00
1.7300E-05,-3.9080024612E+00
1.7320E-05,-3.9105098045E+00
1.7340E-05,-3.9080000007E+00
1.7360E-05,-3.9076862800E+00
1.7380E-05,-3.9078321159E+00
1.7400E-05,-3.9025894439E+00
1.7420E-05,-3.8983150375E+00
1.7440E-05,-3.8901948345E+00
1.7460E-05,-3.8841841400E+00
1.7480E-05,-3.8778872669E+00
1.7500E-05,-3.8678431499E+00
1.7520E-05,-3.8678431499E+00
1.7540E-05,-3.8678434169E+00
1.7560E-05,-3.8677585876E+00
1.7580E-05,-3.8621712673E+00
1.7600E-05,-3.8586407268E+00
1.7620E-05,-3.8586989963E+00
1.7640E-05,-3.8322432601E+00
1.7660E-05,-3.8292851436E+00
1.7680E-05,-3.8289607990E+00
1.7700E-05,-3.8276862895E+00
1.7720E-05,-3.8276862800E+00
1.7740E-05,-3.8276862037E+00
1.7760E-05,-3.8261176002E+00
1.7780E-05,-3.8171345890E+00
1.7800E-05,-3.8065509117E+00
1.7820E-05,-3.7875689971E+00
1.7840E-05,-3.7875295818E+00
1.7860E-05,-3.7875294197E+00
1.7880E-05,-3.7868995178E+00
1.7900E-05,-3.7861957443E+00
1.7920E-05,-3.7783952701E+00
1.7940E-05,-3.7676312912E+00
1.7960E-05,-3.7637530696E+00
1.7980E-05,-3.7473731697E+00
1.8000E-05,-3.7473725593E+00
1.8020E-05,-3.7473725498E+00
1.8040E-05,-3.7473725498E+00
1.8060E-05,-3.7451381862E+00
1.8080E-05,-3.7313021457E+00
1.8100E-05,-3.7085104644E+00
1.8120E-05,-3.7072156990E+00
1.8140E-05,-3.7072156894E+00
1.8160E-05,-3.7071954525E+00
1.8180E-05,-3.6863554847E+00
1.8200E-05,-3.6770988166E+00
1.8220E-05,-3.6672156990E+00
1.8240E-05,-3.6670588291E+00
1.8260E-05,-3.6670586002E+00
1.8280E-05,-3.6415127456E+00
1.8300E-05,-3.6281589305E+00
1.8320E-05,-3.6269019783E+00
1.8340E-05,-3.6218036258E+00
1.8360E-05,-3.6111934078E+00
1.8380E-05,-3.6045637882E+00
1.8400E-05,-3.5867451084E+00
1.8420E-05,-3.5867450988E+00
1.8440E-05,-3.5782251728E+00
1.8460E-05,-3.5481976688E+00
1.8480E-05,-3.5465882480E+00
1.8500E-05,-3.5465879333E+00
1.8520E-05,-3.5405944240E+00
1.8540E-05,-3.5187884510E+00
1.8560E-05,-3.5080006206E+00
1.8580E-05,-3.5013908660E+00
1.8600E-05,-3.4696721256E+00
1.8620E-05,-3.4662757480E+00
1.8640E-05,-3.4662745178E+00
1.8660E-05,-3.4321993434E+00
1.8680E-05,-3.4261960876E+00
1.8700E-05,-3.4259607875E+00
1.8720E-05,-3.4021134460E+00
1.8740E-05,-3.3859608066E+00
1.8760E-05,-3.3709018123E+00
1.8780E-05,-3.3564847171E+00
1.8800E-05,-3.3458039367E+00
1.8820E-05,-3.3396317089E+00
1.8840E-05,-3.3069019783E+00
1.8860E-05,-3.3043725574E+00
1.8880E-05,-3.2766145980E+00
1.8900E-05,-3.2661176574E+00
1.8920E-05,-3.2397438610E+00
1.8940E-05,-3.2253333461E+00
1.8960E-05,-3.2056138408E+00
1.8980E-05,-3.1851764762E+00
1.9000E-05,-3.1742494667E+00
1.9020E-05,-3.1450196254E+00
1.9040E-05,-3.1123621452E+00
1.9060E-05,-3.0998380077E+00
1.9080E-05,-3.0647451103E+00
1.9100E-05,-3.0595821941E+00
1.9120E-05,-3.0243921649E+00
1.9140E-05,-2.9867549121E+00
1.9160E-05,-2.9661592281E+00
1.9180E-05,-2.9441960800E+00
1.9200E-05,-2.9047058952E+00
1.9220E-05,-2.8797201908E+00
1.9240E-05,-2.8388165081E+00
1.9260E-05,-2.8132935703E+00
1.9280E-05,-2.7760587966E+00
1.9300E-05,-2.7384117591E+00
1.9320E-05,-2.6982742107E+00
1.9340E-05,-2.6584620655E+00
1.9360E-05,-2.6223624980E+00
1.9380E-05,-2.5940989482E+00
1.9400E-05,-2.5388832843E+00
1.9420E-05,-2.4886759937E+00
1.9440E-05,-2.4385113895E+00
1.9460E-05,-2.3955094326E+00
1.9480E-05,-2.3442053688E+00
1.9500E-05,-2.2972791183E+00
1.9520E-05,-2.2429130161E+00
1.9540E-05,-2.1875070560E+00
1.9560E-05,-2.1238573635E+00
1.9580E-05,-2.0771486843E+00
1.9600E-05,-2.0074086750E+00
1.9620E-05,-1.9660296237E+00
1.9640E-05,-1.9164506900E+00
1.9660E-05,-1.8436993492E+00
1.9680E-05,-1.7897055805E+00
1.9700E-05,-1.7261828315E+00
1.9720E-05,-1.6767843235E+00
1.9740E-05,-1.6108546531E+00
1.9760E-05,-1.5600784481E+00
1.9780E-05,-1.4822538555E+00
1.9800E-05,-1.4333330429E+00
1.9820E-05,-1.3652858341E+00
1.9840E-05,-1.3133915317E+00
1.9860E-05,-1.2367262065E+00
1.9880E-05,-1.1923475540E+00
1.9900E-05,-1.1201746929E+00
1.9920E-05,-1.0568235385E+00
1.9940E-05,-9.9419984698E-01
1.9960E-05,-9.4580082774E-01
1.9980E-05,-8.7260050654E-01
2.0000E-05,-8.2332263827E-01
2.0020E-05,-7.3684468150E-01
2.0040E-05,-6.8450378299E-01
2.0060E-05,-6.3513664126E-01
2.0080E-05,-5.5758216739E-01
2.0100E-05,-5.0592146754E-01
2.0120E-05,-4.3753130794E-01
2.0140E-05,-3.8419567943E-01
2.0160E-05,-3.1145287395E-01
2.0180E-05,-2.4113162875E-01
2.0200E-05,-1.9098010898E-01
2.0220E-05,-1.3211239696E-01
2.0240E-05,-6.9265936613E-02
2.0260E-05,3.8931953907E-03
2.0280E-05,5.2470875978E-02
2.0300E-05,1.1110625386E-01
2.0320E-05,1.7045096517E-01
2.0340E-05,2.4232936025E-01
2.0360E-05,2.9719637036E-01
2.0380E-05,3.6343061566E-01
2.0400E-05,4.1140072942E-01
2.0420E-05,4.8577770352E-01
2.0440E-05,5.2809680104E-01
2.0460E-05,5.8282649159E-01
2.0480E-05,6.3380390286E-01
2.0500E-05,6.5979830861E-01
2.0520E-05,6.6988234639E-01
2.0540E-05,6.8594192624E-01
2.0560E-05,6.9852663159E-01
2.0580E-05,6.9999996305E-01
2.0600E-05,7.1002939343E-01
2.0620E-05,7.1003919721E-01
2.0640E-05,7.1003920674E-01
2.0660E-05,7.1568626523E-01
2.0680E-05,7.1019606709E-01
2.0700E-05,7.1568702817E-01
2.0720E-05,7.1255215764E-01
2.0740E-05,7.2074762464E-01
2.0760E-05,7.3597293973E-01
2.0780E-05,7.3026014447E-01
2.0800E-05,7.4857812047E-01
2.0820E-05,7.3720585942E-01
2.0840E-05,7.4893931508E-01
2.0860E-05,7.3762591481E-01
2.0880E-05,7.4768255353E-01
2.0900E-05,7.4955881238E-01
2.0920E-05,7.4894116521E-01
2.0940E-05,7.4894116521E-01
2.0960E-05,7.5019606709E-01
2.0980E-05,7.5019605756E-01
2.1000E-05,7.5019668698E-01
2.1020E-05,7.5019607663E-01
2.1040E-05,7.5019607663E-01
2.1060E-05,7.5019607663E-01
2.1080E-05,7.5019609571E-01
2.1100E-05,7.5019609571E-01
2.1120E-05,7.5019611478E-01
2.1140E-05,7.5019607663E-01
2.1160E-05,7.5019607663E-01
2.1180E-05,7.5019607663E-01
2.1200E-05,7.5021568418E-01
2.1220E-05,7.5024509549E-01
2.1240E-05,7.5019615293E-01
2.1260E-05,7.5521568418E-01
2.1280E-05,7.5523727536E-01
2.1300E-05,7.5020848393E-01
2.1320E-05,7.5020605206E-01
2.1340E-05,7.6055033803E-01
2.1360E-05,7.5649221539E-01
2.1380E-05,7.5039281964E-01
2.1400E-05,7.6535436749E-01
2.1420E-05,7.6889783025E-01
2.1440E-05,7.6077162862E-01
2.1460E-05,7.7453196645E-01
2.1480E-05,7.6567368627E-01
2.1500E-05,7.5398125768E-01
2.1520E-05,7.5840347409E-01
2.1540E-05,7.6263037801E-01
2.1560E-05,7.6456686139E-01
2.1580E-05,7.7785617948E-01
2.1600E-05,7.8150047421E-01
2.1620E-05,7.8266619802E-01
2.1640E-05,7.7622129560E-01
2.1660E-05,7.7823248029E-01
2.1680E-05,7.6372511029E-01
2.1700E-05,7.8591387868E-01
2.1720E-05,7.8894109845E-01
2.1740E-05,7.7827077031E-01
2.1760E-05,7.8845094800E-01
2.1780E-05,7.8847052693E-01
2.1800E-05,7.9003920674E-01
2.1820E-05,7.9033324361E-01
2.1840E-05,7.9034435391E-01
2.1860E-05,7.9030758977E-01
2.1880E-05,7.9034770131E-01
2.1900E-05,7.8376469731E-01
2.1920E-05,7.8022792935E-01
2.1940E-05,7.8031371236E-01
2.1960E-05,7.8030879140E-01
2.1980E-05,7.9035292745E-01
2.2000E-05,7.9035292745E-01
2.2020E-05,7.8909802556E-01
2.2040E-05,7.8878399968E-01
2.2060E-05,7.8501959920E-01
2.2080E-05,7.8909802556E-01
2.2100E-05,7.9035292745E-01
2.2120E-05,7.9035292745E-01
2.2140E-05,7.9035292745E-01
2.2160E-05,7.9035292745E-01
2.2180E-05,7.9035292745E-01
2.2200E-05,7.9035293698E-01
2.2220E-05,7.9035292745E-01
2.2240E-05,7.9035262227E-01
2.2260E-05,7.9035293698E-01
2.2280E-05,7.9035293698E-01
2.2300E-05,7.9035292745E-01
2.2320E-05,7.9035293698E-01
2.2340E-05,7.9035292745E-01
2.2360E-05,7.9035293698E-01
2.2380E-05,7.9035293698E-01
2.2400E-05,7.9035293698E-01
2.2420E-05,7.9035293698E-01
2.2440E-05,7.9035293698E-01
2.2460E-05,7.9035293698E-01
2.2480E-05,7.9035293698E-01
2.2500E-05,7.9035293698E-01
2.2520E-05,7.9035293698E-01
2.2540E-05,7.9035293698E-01
2.2560E-05,7.9035293698E-01
2.2580E-05,7.9035293698E-01
2.2600E-05,7.9537254453E-01
2.2620E-05,7.9035301328E-01
2.2640E-05,7.9035295606E-01
2.2660E-05,7.9035293698E-01
2.2680E-05,7.9050979733E-01
2.2700E-05,7.9537254453E-01
2.2720E-05,7.9035293698E-01
2.2740E-05,7.9035293698E-01
2.2760E-05,7.9040195584E-01
2.2780E-05,7.9066681027E-01
2.2800E-05,7.9035293698E-01
2.2820E-05,7.9040195584E-01
2.2840E-05,7.9036335111E-01
2.2860E-05,7.9035308957E-01
2.2880E-05,7.9662759900E-01
2.2900E-05,7.9035311818E-01
2.2920E-05,7.9068626523E-01
2.2940E-05,7.9035603642E-01
2.2960E-05,7.9035364270E-01
2.2980E-05,7.9035293698E-01
2.3000E-05,7.9074815869E-01
2.3020E-05,7.9036344647E-01
2.3040E-05,7.9209864736E-01
2.3060E-05,7.9035308957E-01
2.3080E-05,7.9286291242E-01
2.3100E-05,7.9610783696E-01
2.3120E-05,7.9161949277E-01
2.3140E-05,7.9576607823E-01
2.3160E-05,7.9819639325E-01
2.3180E-05,7.9548020482E-01
2.3200E-05,8.0552944303E-01
2.3220E-05,7.9639214635E-01
2.3240E-05,7.9066796422E-01
2.3260E-05,7.9758893132E-01
2.3280E-05,8.0575029492E-01
2.3300E-05,7.9794193387E-01
2.3320E-05,7.9592462659E-01
2.3340E-05,8.0692468762E-01
2.3360E-05,8.0347609639E-01
2.3380E-05,8.0700269818E-01
2.3400E-05,7.9098635793E-01
2.3420E-05,7.9288781285E-01
2.3440E-05,7.9815639615E-01
2.3460E-05,8.1888050199E-01
2.3480E-05,7.9454858899E-01
2.3500E-05,7.9885004163E-01
2.3520E-05,8.0726312757E-01
2.3540E-05,8.0413452268E-01
2.3560E-05,8.0300155759E-01
2.3580E-05,7.9768006444E-01
2.3600E-05,7.9329022527E-01
2.3620E-05,8.0180147290E-01
2.3640E-05,7.9055635571E-01
2.3660E-05,8.0586775899E-01
2.3680E-05,7.9499923825E-01
2.3700E-05,8.0961749196E-01
2.3720E-05,8.0892125249E-01
2.3740E-05,7.9872272611E-01
2.3760E-05,8.0948467374E-01
2.3780E-05,8.1454656720E-01
2.3800E-05,8.0539949536E-01
2.3820E-05,7.9940478444E-01
2.3840E-05,8.0341040730E-01
2.3860E-05,8.0501855969E-01
2.3880E-05,8.0603719831E-01
2.3900E-05,7.9909574628E-01
2.3920E-05,8.0332410932E-01
2.3940E-05,8.0133350492E-01
2.3960E-05,7.9317943692E-01
2.3980E-05,8.1073106885E-01
2.4000E-05,8.0914130330E-01
2.4020E-05,8.0415683866E-01
2.4040E-05,8.1540255666E-01
2.4060E-05,7.9764366269E-01
2.4080E-05,8.0109801412E-01
2.4100E-05,7.9881603360E-01
2.4120E-05,8.0513018727E-01
2.4140E-05,8.0539766431E-01
2.4160E-05,8.0068320394E-01
2.4180E-05,8.0211547971E-01
2.4200E-05,7.9939185262E-01
2.4220E-05,8.1259032369E-01
2.4240E-05,8.0996246457E-01
2.4260E-05,8.0988256574E-01
2.4280E-05,8.1103758931E-01
2.4300E-05,8.0274390340E-01
2.4320E-05,8.0022154927E-01
2.4340E-05,8.0662365079E-01
2.4360E-05,8.1054965138E-01
2.4380E-05,8.1435339093E-01
2.4400E-05,8.1023313642E-01
2.4420E-05,8.1045704961E-01
2.4440E-05,8.1067017674E-01
2.4460E-05,8.0547567487E-01
2.4480E-05,8.0936752439E-01
2.4500E-05,8.1101950765E-01
2.4520E-05,8.0398171544E-01
2.4540E-05,8.0560294271E-01
2.4560E-05,8.1437808156E-01
2.4580E-05,8.1024095654E-01
2.4600E-05,8.1303020597E-01
2.4620E-05,8.0282289624E-01
2.4640E-05,8.2305910230E-01
2.4660E-05,8.1074744344E-01
2.4680E-05,8.0950847745E-01
2.4700E-05,7.9452257276E-01
2.4720E-05,8.1054701924E-01
2.4740E-05,8.0287804723E-01
2.4760E-05,8.1094384313E-01
2.4780E-05,8.0590585828E-01
2.4800E-05,8.0804867864E-01
2.4820E-05,8.1319661260E-01
2.4840E-05,8.1153163075E-01
2.4860E-05,8.0882301450E-01
2.4880E-05,8.0448022962E-01
2.4900E-05,8.1708876729E-01
2.4920E-05,8.1658798337E-01
2.4940E-05,8.0998149037E-01
2.4960E-05,8.1535390019E-01
2.4980E-05,8.1122548223E-01
2.5000E-05,8.0544679761E-01
2.5020E-05,8.0294443250E-01
2.5040E-05,8.0062945485E-01
2.5060E-05,8.1321388364E-01
2.5080E-05,8.0965406537E-01
2.5100E-05,8.0969623685E-01
2.5120E-05,8.1098054051E-01
2.5140E-05,8.0935151219E-01
2.5160E-05,8.0894392133E-01
2.5180E-05,8.0692188382E-01
2.5200E-05,8.1468167424E-01
2.5220E-05,8.0180114865E-01
2.5240E-05,8.0634941220E-01
2.5260E-05,8.1401497960E-01
2.5280E-05,8.1075976491E-01
2.5300E-05,7.9890018582E-01
2.5320E-05,8.0230939984E-01
2.5340E-05,8.1411764264E-01
2.5360E-05,8.1401500821E-01
2.5380E-05,8.1547085881E-01
2.5400E-05,8.0966678739E-01
2.5420E-05,8.1968306661E-01
2.5440E-05,8.2039166570E-01
2.5460E-05,8.0513522267E-01
2.5480E-05,8.1015684247E-01
2.5500E-05,8.0950475812E-01
2.5520E-05,8.1230237126E-01
2.5540E-05,8.0656621099E-01
2.5560E-05,8.0948843122E-01
2.5580E-05,8.0195415616E-01
2.5600E-05,7.9407611966E-01
2.5620E-05,7.9862283826E-01
2.5640E-05,7.9906247258E-01
2.5660E-05,7.9838693738E-01
2.5680E-05,7.9897624135E-01
2.5700E-05,7.9943883061E-01
2.5720E-05,8.0855573773E-01
2.5740E-05,7.9947116971E-01
2.5760E-05,8.1556491017E-01
2.5780E-05,8.0174107671E-01
2.5800E-05,8.0460031629E-01
2.5820E-05,8.0367958188E-01
2.5840E-05,8.1473673940E-01
2.5860E-05,8.1035003781E-01
2.5880E-05,8.1382563710E-01
2.5900E-05,7.9891089559E-01
2.5920E-05,8.0890718579E-01
2.5940E-05,8.0865852475E-01
2.5960E-05,7.9809966207E-01
2.5980E-05,7.9791328549E-01
2.6000E-05,8.0293583989E-01
2.6020E-05,7.9320876241E-01
2.6040E-05,8.0828954816E-01
2.6060E-05,7.9438690305E-01
2.6080E-05,7.9610114217E-01
2.6100E-05,7.9603354573E-01
2.6120E-05,7.9655934453E-01
2.6140E-05,8.0041761518E-01
2.6160E-05,8.0355076909E-01
2.6180E-05,8.0545114636E-01
2.6200E-05,7.9537769437E-01
2.6220E-05,8.0201000333E-01
2.6240E-05,7.9584455609E-01
2.6260E-05,7.9362098813E-01
2.6280E-05,7.9583399892E-01
2.6300E-05,8.0541374326E-01
2.6320E-05,7.9884521604E-01
2.6340E-05,7.9067686200E-01
2.6360E-05,7.9537378430E-01
2.6380E-05,7.9337901235E-01
2.6400E-05,7.9543235898E-01
2.6420E-05,7.9036327481E-01
2.6440E-05,7.9286458135E-01
2.6460E-05,7.9827695012E-01
2.6480E-05,7.9819990277E-01
2.6500E-05,8.0541176915E-01
2.6520E-05,7.9054964185E-01
2.6540E-05,7.9066776395E-01
2.6560E-05,7.9537255406E-01
2.6580E-05,7.9039399266E-01
2.6600E-05,7.9160861135E-01
2.6620E-05,7.9035354733E-01
2.6640E-05,7.9367646337E-01
2.6660E-05,7.9074569821E-01
2.6680E-05,7.9105900884E-01
2.6700E-05,7.9035538793E-01
2.6720E-05,7.9035294652E-01
2.6740E-05,7.9035415769E-01
2.6760E-05,7.9035354733E-01
2.6780E-05,7.9035431027E-01
2.6800E-05,7.9035354733E-01
2.6820E-05,7.9035293698E-01
2.6840E-05,7.9050979733E-01
2.6860E-05,7.9035293698E-01
2.6880E-05,7.9035293698E-01
2.6900E-05,7.9035293698E-01
2.6920E-05,7.9035293698E-01
2.6940E-05,7.9035293698E-01
2.6960E-05,7.9035293698E-01
2.6980E-05,7.9035293698E-01
2.7000E-05,7.9541175961E-01
2.7020E-05,7.9035293698E-01
2.7040E-05,7.9035293698E-01
2.7060E-05,7.9035293698E-01
2.7080E-05,7.9035293698E-01
2.7100E-05,7.9035285115E-01
2.7120E-05,7.9035293698E-01
2.7140E-05,7.9035293698E-01
2.7160E-05,7.9035293698E-01
2.7180E-05,7.9035293698E-01
2.7200E-05,7.9286274076E-01
2.7220E-05,7.9035293698E-01
2.7240E-05,7.9035292745E-01
2.7260E-05,7.9035292745E-01
2.7280E-05,7.9035292745E-01
2.7300E-05,7.9035292745E-01
2.7320E-05,7.9035293698E-01
2.7340E-05,7.9035293698E-01
2.7360E-05,7.9035292745E-01
2.7380E-05,7.9035292745E-01
2.7400E-05,7.9035292745E-01
2.7420E-05,7.9035292745E-01
2.7440E-05,7.9035293698E-01
2.7460E-05,7.9035292745E-01
2.7480E-05,7.9031371236E-01
2.7500E-05,7.9035292745E-01
2.7520E-05,7.9035292745E-01
2.7540E-05,7.9031371236E-01
2.7560E-05,7.9031371236E-01
2.7580E-05,7.9035292745E-01
2.7600E-05,7.9035292745E-01
2.7620E-05,7.9035292745E-01
2.7640E-05,7.9035047650E-01
2.7660E-05,7.9035292745E-01
2.7680E-05,7.9027449727E-01
2.7700E-05,7.9035292745E-01
2.7720E-05,7.8784190297E-01
2.7740E-05,7.9035166860E-01
2.7760E-05,7.8909791112E-01
2.7780E-05,7.8897057652E-01
2.7800E-05,7.9026953816E-01
2.7820E-05,7.9035285115E-01
2.7840E-05,7.9003369451E-01
2.7860E-05,7.8030820012E-01
2.7880E-05,7.8783822179E-01
2.7900E-05,7.9030879140E-01
2.7920E-05,7.8748248219E-01
2.7940E-05,7.9017584920E-01
2.7960E-05,7.8846284032E-01
2.7980E-05,7.8583661199E-01
2.8000E-05,7.7968035817E-01
2.8020E-05,7.8939504743E-01
2.8040E-05,7.7866634488E-01
2.8060E-05,7.8841501355E-01
2.8080E-05,7.6317568898E-01
2.8100E-05,7.7810606122E-01
2.8120E-05,7.8710862279E-01
2.8140E-05,7.7059547544E-01
2.8160E-05,7.7155040860E-01
2.8180E-05,7.5902509809E-01
2.8200E-05,7.8608965039E-01
2.8220E-05,7.6658001065E-01
2.8240E-05,7.6620988011E-01
2.8260E-05,7.6365482450E-01
2.8280E-05,7.7459957242E-01
2.8300E-05,7.7379726529E-01
2.8320E-05,7.6242578626E-01
2.8340E-05,7.5976795316E-01
2.8360E-05,7.6355733991E-01
2.8380E-05,7.5754642606E-01
2.8400E-05,7.5218093038E-01
2.8420E-05,7.6549212575E-01
2.8440E-05,7.6310223699E-01
2.8460E-05,7.5065930486E-01
2.8480E-05,7.5631373525E-01
2.8500E-05,7.5085192800E-01
2.8520E-05,7.5021700025E-01
2.8540E-05,7.5027650952E-01
2.8560E-05,7.5082371831E-01
2.8580E-05,7.5066990018E-01
2.8600E-05,7.5035660863E-01
2.8620E-05,7.5317646146E-01
2.8640E-05,7.5019608617E-01
2.8660E-05,7.5678431630E-01
2.8680E-05,7.5066789746E-01
2.8700E-05,7.5066666722E-01
2.8720E-05,7.5050979733E-01
2.8740E-05,7.5023529172E-01
2.8760E-05,7.5019607663E-01
2.8780E-05,7.5019607663E-01
2.8800E-05,7.5019607663E-01
2.8820E-05,7.5019607663E-01
2.8840E-05,7.5019607663E-01
2.8860E-05,7.5019607663E-01
2.8880E-05,7.5019607663E-01
2.8900E-05,7.5019607663E-01
2.8920E-05,7.5019607663E-01
2.8940E-05,7.5019607663E-01
2.8960E-05,7.5019607663E-01
2.8980E-05,7.5019607663E-01
2.9000E-05,7.5019606709E-01
2.9020E-05,7.5019606709E-01
2.9040E-05,7.5019606709E-01
2.9060E-05,7.5019606709E-01
2.9080E-05,7.5019576192E-01
2.9100E-05,7.5019568563E-01
2.9120E-05,7.5019576192E-01
2.9140E-05,7.5019606709E-01
2.9160E-05,7.4830759168E-01
2.9180E-05,7.4956861615E-01
2.9200E-05,7.5019560933E-01
2.9220E-05,7.3011226773E-01
2.9240E-05,7.2760752797E-01
2.9260E-05,7.4767512441E-01
2.9280E-05,7.4641382337E-01
2.9300E-05,7.3621841550E-01
2.9320E-05,7.3587674260E-01
2.9340E-05,7.2955132604E-01
2.9360E-05,7.4469391942E-01
2.9380E-05,7.4932398915E-01
2.9400E-05,7.2501434445E-01
2.9420E-05,7.4444407582E-01
2.9440E-05,7.3015524030E-01
2.9460E-05,7.2811159253E-01
2.9480E-05,7.1044562459E-01
2.9500E-05,7.1270587087E-01
2.9520E-05,7.1631502271E-01
2.9540E-05,7.1019744992E-01
2.9560E-05,7.1003928304E-01
2.9580E-05,7.1003920674E-01
2.9600E-05,7.1035292745E-01
2.9620E-05,7.1003920674E-01
2.9640E-05,7.1003920674E-01
2.9660E-05,7.1003920674E-01
2.9680E-05,7.1003920674E-01
2.9700E-05,7.1003920674E-01
2.9720E-05,7.1003919721E-01
2.9740E-05,7.1003889203E-01
2.9760E-05,7.0996076703E-01
2.9780E-05,7.1002204061E-01
2.9800E-05,6.9735030293E-01
2.9820E-05,7.0750849843E-01
2.9840E-05,6.9685888410E-01
2.9860E-05,6.9875172734E-01
2.9880E-05,6.7713725209E-01
2.9900E-05,6.6988249898E-01
2.9920E-05,6.6992156148E-01
2.9940E-05,6.6988235593E-01
2.9960E-05,6.6988233685E-01
2.9980E-05,6.6988233685E-01
3.0000E-05,6.4595271230E-01
3.0020E-05,6.3084645391E-01
3.0040E-05,6.2972548604E-01
3.0060E-05,6.1950420499E-01
3.0080E-05,5.9145067334E-01
3.0100E-05,5.3590853810E-01
3.0120E-05,4.9197445989E-01
3.0140E-05,4.2890122533E-01
3.0160E-05,3.7122732282E-01
3.0180E-05,2.9106126904E-01
3.0200E-05,2.2513152242E-01
3.0220E-05,1.5786212087E-01
3.0240E-05,9.0207883120E-02
3.0260E-05,3.3881655931E-02
3.0280E-05,-3.6625336409E-02
3.0300E-05,-1.0840571284E-01
3.0320E-05,-1.6339281917E-01
3.0340E-05,-2.2950439334E-01
3.0360E-05,-3.0420170665E-01
3.0380E-05,-3.5790137172E-01
3.0400E-05,-4.1708179355E-01
3.0420E-05,-4.7835201144E-01
3.0440E-05,-5.5065042377E-01
3.0460E-05,-6.1525557399E-01
3.0480E-05,-6.7209310412E-01
3.0500E-05,-7.3612325549E-01
3.0520E-05,-8.0088144183E-01
3.0540E-05,-8.7261377215E-01
3.0560E-05,-9.2517619014E-01
3.0580E-05,-9.9347775340E-01
3.0600E-05,-1.0673341358E+00
3.0620E-05,-1.1145973861E+00
3.0640E-05,-1.1900668228E+00
3.0660E-05,-1.2413528144E+00
3.0680E-05,-1.3040430629E+00
3.0700E-05,-1.3731201065E+00
3.0720E-05,-1.4349942100E+00
3.0740E-05,-1.5012213790E+00
3.0760E-05,-1.5573987091E+00
3.0780E-05,-1.6178070915E+00
3.0800E-05,-1.6766155708E+00
3.0820E-05,-1.7408434665E+00
3.0840E-05,-1.7964680564E+00
3.0860E-05,-1.8587638175E+00
3.0880E-05,-1.9181825531E+00
3.0900E-05,-1.9804909122E+00
3.0920E-05,-2.0344961154E+00
3.0940E-05,-2.0833810890E+00
3.0960E-05,-2.1442579925E+00
3.0980E-05,-2.1983121955E+00
3.1000E-05,-2.2515542400E+00
3.1020E-05,-2.3152287662E+00
3.1040E-05,-2.3654295433E+00
3.1060E-05,-2.4222945297E+00
3.1080E-05,-2.4651645553E+00
3.1100E-05,-2.5013529670E+00
3.1120E-05,-2.5478042495E+00
3.1140E-05,-2.5992026317E+00
3.1160E-05,-2.6460577285E+00
3.1180E-05,-2.6770984828E+00
3.1200E-05,-2.7110623825E+00
3.1220E-05,-2.7612944496E+00
3.1240E-05,-2.7911568916E+00
3.1260E-05,-2.8239411914E+00
3.1280E-05,-2.8739600265E+00
3.1300E-05,-2.9046916378E+00
3.1320E-05,-2.9391060531E+00
3.1340E-05,-2.9604172313E+00
3.1360E-05,-2.9845491016E+00
3.1380E-05,-3.0207835186E+00
3.1400E-05,-3.0429118335E+00
3.1420E-05,-3.0647059143E+00
3.1440E-05,-3.0855334365E+00
3.1460E-05,-3.1206976402E+00
3.1480E-05,-3.1450588310E+00
3.1500E-05,-3.1714887321E+00
3.1520E-05,-3.1952160060E+00
3.1540E-05,-3.2151127136E+00
3.1560E-05,-3.2253333366E+00
3.1580E-05,-3.2545150745E+00
3.1600E-05,-3.2654902065E+00
3.1620E-05,-3.2993088043E+00
3.1640E-05,-3.3056372631E+00
3.1660E-05,-3.3252762020E+00
3.1680E-05,-3.3458033168E+00
3.1700E-05,-3.3509019744E+00
3.1720E-05,-3.3748844993E+00
3.1740E-05,-3.3859607971E+00
3.1760E-05,-3.3884793174E+00
3.1780E-05,-3.4206266868E+00
3.1800E-05,-3.4261176574E+00
3.1820E-05,-3.4571900165E+00
3.1840E-05,-3.4662743652E+00
3.1860E-05,-3.4662745273E+00
3.1880E-05,-3.4827704895E+00
3.1900E-05,-3.5039047039E+00
3.1920E-05,-3.5064313877E+00
3.1940E-05,-3.5116290081E+00
3.1960E-05,-3.5320295513E+00
3.1980E-05,-3.5365488708E+00
3.2000E-05,-3.5465882480E+00
3.2020E-05,-3.5625607765E+00
3.2040E-05,-3.5750476062E+00
3.2060E-05,-3.5867449462E+00
3.2080E-05,-3.5867451274E+00
3.2100E-05,-3.6037539947E+00
3.2120E-05,-3.6261910713E+00
3.2140E-05,-3.6269019687E+00
3.2160E-05,-3.6269804275E+00
3.2180E-05,-3.6608516014E+00
3.2200E-05,-3.6631738365E+00
3.2220E-05,-3.6670586765E+00
3.2240E-05,-3.6670588386E+00
3.2260E-05,-3.6821568763E+00
3.2280E-05,-3.6836866367E+00
3.2300E-05,-3.7036303318E+00
3.2320E-05,-3.7072155368E+00
3.2340E-05,-3.7072156990E+00
3.2360E-05,-3.7072206008E+00
3.2380E-05,-3.7102683914E+00
3.2400E-05,-3.7385376823E+00
3.2420E-05,-3.7461174953E+00
3.2440E-05,-3.7473731601E+00
3.2460E-05,-3.7473731697E+00
3.2480E-05,-3.7480001056E+00
3.2500E-05,-3.7688456905E+00
3.2520E-05,-3.7838443935E+00
3.2540E-05,-3.7853509891E+00
3.2560E-05,-3.7875294197E+00
3.2580E-05,-3.7875294197E+00
3.2600E-05,-3.7875294292E+00
3.2620E-05,-3.7875300395E+00
3.2640E-05,-3.8047286975E+00
3.2660E-05,-3.7993670547E+00
3.2680E-05,-3.8270476520E+00
3.2700E-05,-3.8250931060E+00
3.2720E-05,-3.8276862800E+00
3.2740E-05,-3.8276862895E+00
3.2760E-05,-3.8379804027E+00
3.2780E-05,-3.8395138824E+00
3.2800E-05,-3.8438585174E+00
3.2820E-05,-3.8568015563E+00
3.2840E-05,-3.8479688537E+00
3.2860E-05,-3.8484611309E+00
3.2880E-05,-3.8653333366E+00
3.2900E-05,-3.8678431308E+00
3.2920E-05,-3.8678431404E+00
3.2940E-05,-3.8709871376E+00
3.2960E-05,-3.8864558876E+00
3.2980E-05,-3.8762233627E+00
3.3000E-05,-3.8841157234E+00
3.3020E-05,-3.8959121406E+00
3.3040E-05,-3.9020286071E+00
3.3060E-05,-3.9029705894E+00
3.3080E-05,-3.9080000007E+00
3.3100E-05,-3.9080000007E+00
3.3120E-05,-3.9080000007E+00
3.3140E-05,-3.9080000103E+00
3.3160E-05,-3.9080000484E+00
3.3180E-05,-3.9080000103E+00
3.3200E-05,-3.9210790813E+00
3.3220E-05,-3.9109084308E+00
3.3240E-05,-3.9350660884E+00
3.3260E-05,-3.9377175128E+00
3.3280E-05,-3.9396712673E+00
3.3300E-05,-3.9469018161E+00
3.3320E-05,-3.9480000103E+00
3.3340E-05,-3.9476862895E+00
3.3360E-05,-3.9481568706E+00
3.3380E-05,-3.9481568706E+00
3.3400E-05,-3.9481568801E+00
3.3420E-05,-3.9481584060E+00
3.3440E-05,-3.9481755817E+00
3.3460E-05,-3.9483468425E+00
3.3480E-05,-3.9518030345E+00
3.3500E-05,-3.9618423736E+00
3.3520E-05,-3.9644709098E+00
3.3540E-05,-3.9715894687E+00
3.3560E-05,-3.9792037952E+00
3.3580E-05,-3.9879067981E+00
3.3600E-05,-3.9807640350E+00
3.3620E-05,-3.9868866432E+00
3.3640E-05,-3.9883137214E+00
3.3660E-05,-3.9883039272E+00
3.3680E-05,-3.9883137214E+00
3.3700E-05,-3.9883137310E+00
3.3720E-05,-3.9883186424E+00
3.3740E-05,-3.9902022159E+00
3.3760E-05,-4.0008630645E+00
3.3780E-05,-3.9884930408E+00
3.3800E-05,-3.9985386169E+00
3.3820E-05,-3.9991232002E+00
3.3840E-05,-3.9984982574E+00
3.3860E-05,-3.9917924297E+00
3.3880E-05,-4.0020710647E+00
3.3900E-05,-4.0008970630E+00
3.3920E-05,-4.0034509838E+00
3.3940E-05,-4.0084218872E+00
3.3960E-05,-4.0084729946E+00
3.3980E-05,-4.0087516010E+00
3.4000E-05,-4.0213995922E+00
3.4020E-05,-4.0123039329E+00
3.4040E-05,-4.0271334827E+00
3.4060E-05,-4.0124177921E+00
3.4080E-05,-4.0268823612E+00
3.4100E-05,-4.0272334659E+00
3.4120E-05,-4.0234509742E+00
3.4140E-05,-4.0385085857E+00
3.4160E-05,-4.0278413093E+00
3.4180E-05,-4.0284705913E+00
3.4200E-05,-4.0284709060E+00
3.4220E-05,-4.0284709060E+00
3.4240E-05,-4.0290984333E+00
3.4260E-05,-4.0392941463E+00
3.4280E-05,-4.0385297287E+00
3.4300E-05,-4.0286498249E+00
3.4320E-05,-4.0284752071E+00
3.4340E-05,-4.0291189849E+00
3.4360E-05,-4.0385352600E+00
3.4380E-05,-4.0393171299E+00
3.4400E-05,-4.0380774009E+00
3.4420E-05,-4.0444564998E+00
3.4440E-05,-4.0371327388E+00
3.4460E-05,-4.0468588722E+00
3.4480E-05,-4.0418404472E+00
3.4500E-05,-4.0306277168E+00
3.4520E-05,-4.0358821952E+00
3.4540E-05,-4.0478033054E+00
3.4560E-05,-4.0474436271E+00
3.4580E-05,-4.0535897720E+00
3.4600E-05,-4.0537682617E+00
3.4620E-05,-4.0499347484E+00
3.4640E-05,-4.0500006187E+00
3.4660E-05,-4.0587097251E+00
3.4680E-05,-4.0482832515E+00
3.4700E-05,-4.0487740600E+00
3.4720E-05,-4.0603762805E+00
3.4740E-05,-4.0576183212E+00
3.4760E-05,-4.0613850105E+00
3.4780E-05,-4.0640438831E+00
3.4800E-05,-4.0668086612E+00
3.4820E-05,-4.0590429771E+00
3.4840E-05,-4.0641517246E+00
3.4860E-05,-4.0648627174E+00
3.4880E-05,-4.0595287216E+00
3.4900E-05,-4.0510335433E+00
3.4920E-05,-4.0535686195E+00
3.4940E-05,-4.0595095813E+00
3.4960E-05,-4.0532345760E+00
3.4980E-05,-4.0601513469E+00
3.5000E-05,-4.0683118904E+00
3.5020E-05,-4.0563844860E+00
3.5040E-05,-4.0670588195E+00
3.5060E-05,-4.0661118209E+00
3.5080E-05,-4.0683136451E+00
3.5100E-05,-4.0570189941E+00
3.5120E-05,-4.0516568267E+00
3.5140E-05,-4.0592156875E+00
3.5160E-05,-4.0554460800E+00
3.5180E-05,-4.0548235309E+00
3.5200E-05,-4.0686176479E+00
3.5220E-05,-4.0560686290E+00
3.5240E-05,-4.0585489452E+00
3.5260E-05,-4.0504313743E+00
3.5280E-05,-4.0673529041E+00
3.5300E-05,-4.0679889762E+00
3.5320E-05,-4.0686163795E+00
3.5340E-05,-4.0604656875E+00
3.5360E-05,-4.0632155406E+00
3.5380E-05,-4.0548216808E+00
3.5400E-05,-4.0660390556E+00
3.5420E-05,-4.0504215610E+00
3.5440E-05,-4.0585882270E+00
3.5460E-05,-4.0645378196E+00
3.5480E-05,-4.0656408107E+00
3.5500E-05,-4.0566843116E+00
3.5520E-05,-4.0475580871E+00
3.5540E-05,-4.0607736671E+00
3.5560E-05,-4.0596799171E+00
3.5580E-05,-4.0518302238E+00
3.5600E-05,-4.0536706436E+00
3.5620E-05,-4.0518124950E+00
3.5640E-05,-4.0618317306E+00
3.5660E-05,-4.0629681957E+00
3.5680E-05,-4.0531868732E+00
3.5700E-05,-4.0499193084E+00
3.5720E-05,-4.0498824584E+00
3.5740E-05,-4.0590539920E+00
3.5760E-05,-4.0554510295E+00
3.5780E-05,-4.0391577899E+00
3.5800E-05,-4.0498241222E+00
3.5820E-05,-4.0488771522E+00
3.5840E-05,-4.0551654518E+00
3.5860E-05,-4.0463039100E+00
3.5880E-05,-4.0410395133E+00
3.5900E-05,-4.0346912944E+00
3.5920E-05,-4.0567146289E+00
3.5940E-05,-4.0479201400E+00
3.5960E-05,-4.0460367477E+00
3.5980E-05,-4.0454750335E+00
3.6000E-05,-4.0456471813E+00
3.6020E-05,-4.0325983989E+00
3.6040E-05,-4.0352408206E+00
3.6060E-05,-4.0468238914E+00
3.6080E-05,-4.0299025905E+00
3.6100E-05,-4.0284957206E+00
3.6120E-05,-4.0338043869E+00
3.6140E-05,-4.0184414947E+00
3.6160E-05,-4.0284853256E+00
3.6180E-05,-4.0285490310E+00
3.6200E-05,-4.0284758079E+00
3.6220E-05,-4.0259607875E+00
3.6240E-05,-4.0284706008E+00
3.6260E-05,-4.0284705913E+00
3.6280E-05,-4.0284705818E+00
3.6300E-05,-4.0278431118E+00
3.6320E-05,-4.0259408653E+00
3.6340E-05,-4.0102707279E+00
3.6360E-05,-4.0234311378E+00
3.6380E-05,-4.0158916080E+00
3.6400E-05,-4.0150271404E+00
3.6420E-05,-4.0097905052E+00
3.6440E-05,-4.0090663803E+00
3.6460E-05,-4.0185983741E+00
3.6480E-05,-4.0084708965E+00
3.6500E-05,-4.0083429897E+00
3.6520E-05,-4.0080392063E+00
3.6540E-05,-4.0078039157E+00
3.6560E-05,-4.0040978801E+00
3.6580E-05,-3.9942988384E+00
3.6600E-05,-3.9888061321E+00
3.6620E-05,-3.9898863590E+00
3.6640E-05,-3.9958431518E+00
3.6660E-05,-3.9883138168E+00
3.6680E-05,-3.9883136165E+00
3.6700E-05,-3.9883135784E+00
3.6720E-05,-3.9883137405E+00
3.6740E-05,-3.9883137310E+00
3.6760E-05,-3.9883123958E+00
3.6780E-05,-3.9782481372E+00
3.6800E-05,-3.9763848007E+00
3.6820E-05,-3.9842277610E+00
3.6840E-05,-3.9788037193E+00
3.6860E-05,-3.9797531593E+00
3.6880E-05,-3.9607283294E+00
3.6900E-05,-3.9683524024E+00
3.6920E-05,-3.9605827796E+00
3.6940E-05,-3.9586049163E+00
3.6960E-05,-3.9481911933E+00
3.6980E-05,-3.9481568801E+00
3.7000E-05,-3.9481568801E+00
3.7020E-05,-3.9481617820E+00
3.7040E-05,-3.9481568801E+00
3.7060E-05,-3.9482353103E+00
3.7080E-05,-3.9481568706E+00
3.7100E-05,-3.9481568706E+00
3.7120E-05,-3.9481565654E+00
3.7140E-05,-3.9318356025E+00
3.7160E-05,-3.9399917972E+00
3.7180E-05,-3.9241342914E+00
3.7200E-05,-3.9221243656E+00
3.7220E-05,-3.9108309448E+00
3.7240E-05,-3.9080001056E+00
3.7260E-05,-3.9080000103E+00
3.7280E-05,-3.9080000103E+00
3.7300E-05,-3.9080000103E+00
3.7320E-05,-3.9080000103E+00
3.7340E-05,-3.9079999244E+00
3.7360E-05,-3.9079215324E+00
3.7380E-05,-3.9059165180E+00
3.7400E-05,-3.9064213359E+00
3.7420E-05,-3.8972923362E+00
3.7440E-05,-3.8810021198E+00
3.7460E-05,-3.8702031410E+00
3.7480E-05,-3.8685101211E+00
3.7500E-05,-3.8684708965E+00
3.7520E-05,-3.8684705913E+00
3.7540E-05,-3.8678333366E+00
3.7560E-05,-3.8678333080E+00
3.7580E-05,-3.8634509361E+00
3.7600E-05,-3.8483783901E+00
3.7620E-05,-3.8480838954E+00
3.7640E-05,-3.8383821094E+00
3.7660E-05,-3.8280999458E+00
3.7680E-05,-3.8276862895E+00
3.7700E-05,-3.8278443706E+00
3.7720E-05,-3.8276862800E+00
3.7740E-05,-3.8276862800E+00
3.7760E-05,-3.8101150596E+00
3.7780E-05,-3.8081438911E+00
3.7800E-05,-3.8000493038E+00
3.7820E-05,-3.7992951667E+00
3.7840E-05,-3.7890980518E+00
3.7860E-05,-3.7875294292E+00
3.7880E-05,-3.7875294197E+00
3.7900E-05,-3.7872941291E+00
3.7920E-05,-3.7760708225E+00
3.7940E-05,-3.7537258613E+00
3.7960E-05,-3.7483297527E+00
3.7980E-05,-3.7480000103E+00
3.8000E-05,-3.7473725593E+00
3.8020E-05,-3.7473627460E+00
3.8040E-05,-3.7367009628E+00
3.8060E-05,-3.7176856315E+00
3.8080E-05,-3.7074714553E+00
3.8100E-05,-3.7072160423E+00
3.8120E-05,-3.7073725593E+00
3.8140E-05,-3.7072156894E+00
3.8160E-05,-3.7009408748E+00
3.8180E-05,-3.6894909656E+00
3.8200E-05,-3.6670595253E+00
3.8220E-05,-3.6670588386E+00
3.8240E-05,-3.6670588291E+00
3.8260E-05,-3.6595293891E+00
3.8280E-05,-3.6584889877E+00
3.8300E-05,-3.6269807899E+00
3.8320E-05,-3.6269215858E+00
3.8340E-05,-3.6269019687E+00
3.8360E-05,-3.6190033615E+00
3.8380E-05,-3.5969510734E+00
3.8400E-05,-3.5867451084E+00
3.8420E-05,-3.5867450988E+00
3.8440E-05,-3.5689405620E+00
3.8460E-05,-3.5478888309E+00
3.8480E-05,-3.5466274631E+00
3.8500E-05,-3.5465833366E+00
3.8520E-05,-3.5376417625E+00
3.8540E-05,-3.5081006038E+00
3.8560E-05,-3.5070588386E+00
3.8580E-05,-3.5014117515E+00
3.8600E-05,-3.4879120529E+00
3.8620E-05,-3.4665110385E+00
3.8640E-05,-3.4662745178E+00
3.8660E-05,-3.4498721302E+00
3.8680E-05,-3.4261176956E+00
3.8700E-05,-3.4261176479E+00
3.8720E-05,-3.3929806983E+00
3.8740E-05,-3.3861568725E+00
3.8760E-05,-3.3856467617E+00
3.8780E-05,-3.3523270881E+00
3.8800E-05,-3.3458045471E+00
3.8820E-05,-3.3181127250E+00
3.8840E-05,-3.3056471145E+00
3.8860E-05,-3.2956074703E+00
3.8880E-05,-3.2798588836E+00
3.8900E-05,-3.2654901779E+00
3.8920E-05,-3.2498638332E+00
3.8940E-05,-3.2253333461E+00
3.8960E-05,-3.2076023185E+00
3.8980E-05,-3.1851764858E+00
3.9000E-05,-3.1646578109E+00
3.9020E-05,-3.1450196254E+00
3.9040E-05,-3.1212585247E+00
3.9060E-05,-3.0995263088E+00
3.9080E-05,-3.0686293018E+00
3.9100E-05,-3.0587926185E+00
3.9120E-05,-3.0157683933E+00
3.9140E-05,-2.9875314891E+00
3.9160E-05,-2.9742465866E+00
3.9180E-05,-2.9392156875E+00
3.9200E-05,-2.9042163169E+00
3.9220E-05,-2.8792705619E+00
3.9240E-05,-2.8511719406E+00
3.9260E-05,-2.8185683143E+00
3.9280E-05,-2.7735484111E+00
3.9300E-05,-2.7434319770E+00
3.9320E-05,-2.7033529556E+00
3.9340E-05,-2.6651777160E+00
3.9360E-05,-2.6192267978E+00
3.9380E-05,-2.5778038585E+00
3.9400E-05,-2.5370000160E+00
3.9420E-05,-2.4883298671E+00
3.9440E-05,-2.4384896171E+00
3.9460E-05,-2.3842218101E+00
3.9480E-05,-2.3442075527E+00
3.9500E-05,-2.2952923763E+00
3.9520E-05,-2.2443168437E+00
3.9540E-05,-2.1887619579E+00
3.9560E-05,-2.1252715862E+00
3.9580E-05,-2.0825695598E+00
3.9600E-05,-2.0205011356E+00
3.9620E-05,-1.9582878196E+00
3.9640E-05,-1.9101957691E+00
3.9660E-05,-1.8462966621E+00
3.9680E-05,-1.7959996974E+00
3.9700E-05,-1.7241833103E+00
3.9720E-05,-1.6717469490E+00
3.9740E-05,-1.6057564437E+00
3.9760E-05,-1.5487647045E+00
3.9780E-05,-1.4846096408E+00
3.9800E-05,-1.4345879447E+00
3.9820E-05,-1.3614402473E+00
3.9840E-05,-1.3078002536E+00
3.9860E-05,-1.2308155811E+00
3.9880E-05,-1.1748006141E+00
3.9900E-05,-1.1235509670E+00
3.9920E-05,-1.0580881584E+00
3.9940E-05,-9.9977764010E-01
3.9960E-05,-9.3383506656E-01
3.9980E-05,-8.7866668582E-01
4.0000E-05,-7.9979814410E-01
4.0020E-05,-7.4812746882E-01
4.0040E-05,-6.8175876498E-01
4.0060E-05,-6.0505329967E-01
4.0080E-05,-5.5802521586E-01
4.0100E-05,-4.9450948596E-01
4.0120E-05,-4.3192220569E-01
4.0140E-05,-3.8132771373E-01
4.0160E-05,-3.1553127170E-01
4.0180E-05,-2.4196006656E-01
4.0200E-05,-1.8563910365E-01
4.0220E-05,-1.2027378917E-01
4.0240E-05,-6.8000010252E-02
4.0260E-05,9.2552304268E-04
4.0280E-05,4.7333317995E-02
